comment_id,text,video_id,video_title
Ugw4QKiNdDkZv0Sug-F4AaABAg,Welcome back Tiesto!!!!,9FcaUhySrbA,TieÌˆsto Live at Coachella 2025 - Quasar Stage
Ugz7ZUHOH2W-a8dwR614AaABAg,"Tiesto do In Search of Sunrise comeback, please..",9FcaUhySrbA,TieÌˆsto Live at Coachella 2025 - Quasar Stage
Ugxx9oAr0JD3Rm5qPuN4AaABAg,"credo. era maravilhoso , set horrivel",9FcaUhySrbA,TieÌˆsto Live at Coachella 2025 - Quasar Stage
Ugzdj1xPETPw294-BOh4AaABAg,I love,9FcaUhySrbA,TieÌˆsto Live at Coachella 2025 - Quasar Stage
UgwTWSXXwZL1UXIgqCt4AaABAg,Wow is every so wow i am so long as a fan of you. Is every great is so good ğŸ¶ğŸ¶ğŸ¶ğŸµğŸµğŸµğŸµ,9FcaUhySrbA,TieÌˆsto Live at Coachella 2025 - Quasar Stage
UgzQgBb06v4XFNrvCjJ4AaABAg,Elon Musk with a sick set! â¤ï¸ğŸ¶ğŸµ,9FcaUhySrbA,TieÌˆsto Live at Coachella 2025 - Quasar Stage
UgzbtPmVJqt6nZhhgpZ4AaABAg,So good to see the Legend create a set the brings us back to when he was the King!  Hopefully he continues back in this direction.,9FcaUhySrbA,TieÌˆsto Live at Coachella 2025 - Quasar Stage
UgyWaLgxX9V2e962mr14AaABAg,ya las mezclas no son tan pegajosas son aburridas,9FcaUhySrbA,TieÌˆsto Live at Coachella 2025 - Quasar Stage
UgzInyyQzLnVKZufeCh4AaABAg,Soso ğŸ˜¢,9FcaUhySrbA,TieÌˆsto Live at Coachella 2025 - Quasar Stage
UgwiCYMhbIs5hmUfvP54AaABAg,Dejo aquÃ­ mi comentario para volver siempre a este final impecable 1:25:30,9FcaUhySrbA,TieÌˆsto Live at Coachella 2025 - Quasar Stage
UgyKth3WtuxcaOO7V5R4AaABAg,"An incredible set from one of a kind! ğŸ”¥ğŸ¶ Welcome back, DJ TiÃ«sto! ğŸ™ŒğŸ§",9FcaUhySrbA,TieÌˆsto Live at Coachella 2025 - Quasar Stage
UgwiDiLH0xjSbxLJtl14AaABAg,Great job with the mix!,9FcaUhySrbA,TieÌˆsto Live at Coachella 2025 - Quasar Stage
UgxD4s1LbF33kL-8gIp4AaABAg,Loving the energy here â¤â¤,9FcaUhySrbA,TieÌˆsto Live at Coachella 2025 - Quasar Stage
UgwKQOoVgVXquTbgPQ54AaABAg,"Comment 1,846: Tiesto's coming to Dallas in three days, people, what are you going to do?

1443 on 5.20.2025
CCC",9FcaUhySrbA,TieÌˆsto Live at Coachella 2025 - Quasar Stage
UgycfPlF7oY-qOkhKd14AaABAg,Ğ›ĞµĞ³ĞµĞ½Ğ´Ğ°â¤â¤â¤,9FcaUhySrbA,TieÌˆsto Live at Coachella 2025 - Quasar Stage
UgyQ45dAwDtRyevsyW94AaABAg,23:04 song name please?,9FcaUhySrbA,TieÌˆsto Live at Coachella 2025 - Quasar Stage
Ugxgr6WVhIgPHKm1ceF4AaABAg,Grande Maestro saludos desde el norte del PerÃº - Piura- Sullana,9FcaUhySrbA,TieÌˆsto Live at Coachella 2025 - Quasar Stage
UgyX3he9j6OFtDRf5KZ4AaABAg,I walked up at the hour 30 mark. Where is the rest of the set??!! lol. People donâ€™t know how fire the second half was.,9FcaUhySrbA,TieÌˆsto Live at Coachella 2025 - Quasar Stage
Ugy0eZiQsO2E4BbUulx4AaABAg,Wonderful set. Love it,9FcaUhySrbA,TieÌˆsto Live at Coachella 2025 - Quasar Stage
UgxVbqGeIzt-ALqGy6p4AaABAg,ğŸ¶ğŸ•ºğŸ‘Œâ¤ï¸,9FcaUhySrbA,TieÌˆsto Live at Coachella 2025 - Quasar Stage
UgxP0vL0OgbSgielcUh4AaABAg,Yikes.. ğŸ˜¢,9FcaUhySrbA,TieÌˆsto Live at Coachella 2025 - Quasar Stage
UgzRQwXstd1gTWe2Mft4AaABAg,IN SEARCH OF SUNRISE,9FcaUhySrbA,TieÌˆsto Live at Coachella 2025 - Quasar Stage
UgzWs47k3gIDNM5wAv54AaABAg,Tiesto my King ğŸ¤´,9FcaUhySrbA,TieÌˆsto Live at Coachella 2025 - Quasar Stage
UgwQdASFAskle8LNlKF4AaABAg,"To jest upadek Tiesto, set poraÅ¼ka",9FcaUhySrbA,TieÌˆsto Live at Coachella 2025 - Quasar Stage
Ugwedu_XtymsWNcOOFZ4AaABAg,Tracklist?????,9FcaUhySrbA,TieÌˆsto Live at Coachella 2025 - Quasar Stage
Ugy12kMXcqbWkacYCEd4AaABAg,First time listening to Tiesto in years. Never liked the edm vibes. The first hour brings me back to Search in Sunrise Series. Its quality.,9FcaUhySrbA,TieÌˆsto Live at Coachella 2025 - Quasar Stage
UgxiDUNt7MXjsM-MFgF4AaABAg,Wow Wow just Wowâ€¦phenomenal ğŸ‘Œ,9FcaUhySrbA,TieÌˆsto Live at Coachella 2025 - Quasar Stage
Ugw9lqH7QKn_GbvPSt94AaABAg,Your are just the ğŸ¤´ ğŸ‘‘  the tunes you put together are brilliant tiesto,9FcaUhySrbA,TieÌˆsto Live at Coachella 2025 - Quasar Stage
UgwksTaMa0eWxYLdaNB4AaABAg,â¤ğŸ‰ i hope for a similar set @EXIT ğŸ¥°ğŸ¤©,9FcaUhySrbA,TieÌˆsto Live at Coachella 2025 - Quasar Stage
UgyI02uIvvZ6c1Y5YD14AaABAg,I love itâ¤,9FcaUhySrbA,TieÌˆsto Live at Coachella 2025 - Quasar Stage
UgxVhqM1HOLgEJYfU9V4AaABAg,Amazing Amazing this vibes !!!! wow this is true Tiesto !!!! â¤â€ğŸ©¹â¤â€ğŸ©¹â¤â€ğŸ©¹â¤â€ğŸ©¹,9FcaUhySrbA,TieÌˆsto Live at Coachella 2025 - Quasar Stage
Ugx-NFrw5O9UMHte0Zx4AaABAg,I wonder whether any of these narcissists reallse hes just playing a cd,9FcaUhySrbA,TieÌˆsto Live at Coachella 2025 - Quasar Stage
UgzuN2lbOoVLl-zVYn94AaABAg,ğŸ¤¤ğŸ˜®â€ğŸ’¨ğŸ‘Œ,9FcaUhySrbA,TieÌˆsto Live at Coachella 2025 - Quasar Stage
Ugxapr6h4mF1Mt7k4eB4AaABAg,"This is not the best set from Tiesto in the past 20 years, this is the best set from anybody in the past 20 years.",9FcaUhySrbA,TieÌˆsto Live at Coachella 2025 - Quasar Stage
UgyrdLlpwGT_ZM73fMZ4AaABAg,Wow what a set anyone got track list,9FcaUhySrbA,TieÌˆsto Live at Coachella 2025 - Quasar Stage
UgyM8z_QrMG84t9jCw14AaABAg,Chill setje Thijs.,9FcaUhySrbA,TieÌˆsto Live at Coachella 2025 - Quasar Stage
UgxzGOIJysKmu1e_xp14AaABAg,"Is it me or does that dude hanging on stage look a lot like James Hype? Tiesto gets things going hard towards the end, nice set.",9FcaUhySrbA,TieÌˆsto Live at Coachella 2025 - Quasar Stage
UgxfhydiYrpwnL6i3Ct4AaABAg,"Get the trust fund babies off the stage. Nobody should be behind Tiesto. That's his stage. You want to enjoy the music, get out in the audience!",9FcaUhySrbA,TieÌˆsto Live at Coachella 2025 - Quasar Stage
UgzdHmRRg7DawFNgN814AaABAg,He is back! I missed you so ..,9FcaUhySrbA,TieÌˆsto Live at Coachella 2025 - Quasar Stage
UgxlSFbUXItYZurpKj14AaABAg,Tiesto Aguascalientes liveğŸ˜ƒ,9FcaUhySrbA,TieÌˆsto Live at Coachella 2025 - Quasar Stage
UgzjhqUr9beejnhrGAt4AaABAg,35:28 is Definitely Tiesto ğŸš€,9FcaUhySrbA,TieÌˆsto Live at Coachella 2025 - Quasar Stage
UgxZBpDp7Jy3MydIWHx4AaABAg,i keep coming back to replay this set. havent felt those feel good chills from a set in a long time. thank you for reminding me im actually not dead inside.,9FcaUhySrbA,TieÌˆsto Live at Coachella 2025 - Quasar Stage
UgzU2mg8NaPscfHpRsp4AaABAg,1:25:45 ĞŸĞŸĞŸĞ¾Ğ¾Ğ¾Ğ»Ğ»Ğ»Ğ»ĞµĞµĞµÑ‚Ñ‚Ñ‚ĞµĞµĞµĞ»Ğ»Ğ»Ğ¸Ğ¸Ğ¸Ğ¸!!! ĞĞ¿ ĞĞ¿ ĞĞ¿ ... Ğ½Ğ¾Ğ¶ĞºĞ¾Ğ¹ Ñ‚Ğ¾Ğ¿-Ñ‚Ğ¾Ğ¿-Ñ‚Ğ¾Ğ¿ ğŸ˜… ğŸ”¥ğŸŒ«ğŸŒ«ğŸš“ğŸš“ğŸš“ğŸš’ğŸš’ğŸš’ğŸš’ğŸš’ğŸš‘ğŸš‘,9FcaUhySrbA,TieÌˆsto Live at Coachella 2025 - Quasar Stage
UgzdBv16pS-H87YWvaJ4AaABAg,Iâ€™m gonna be real here with everyone this Tiesto set is FUCKING AMAZING BUT THR CROW IS FUCKING WEAK.,9FcaUhySrbA,TieÌˆsto Live at Coachella 2025 - Quasar Stage
UgzAk8jmXBlSJCmWkxd4AaABAg,This set was awesome.Couldn't actually imagine being there with the sunset tho. Must of been next level.,9FcaUhySrbA,TieÌˆsto Live at Coachella 2025 - Quasar Stage
UgxJYc3EVCG9WShYCCR4AaABAg,Sound of the recording is strange... like... mono??,9FcaUhySrbA,TieÌˆsto Live at Coachella 2025 - Quasar Stage
UgyAY97Hq3h_P06IrKd4AaABAg,The Best in The world,9FcaUhySrbA,TieÌˆsto Live at Coachella 2025 - Quasar Stage
UgxUUtPablql9RbSFyF4AaABAg,The song at 35:30 is so damn good. Genius!!,9FcaUhySrbA,TieÌˆsto Live at Coachella 2025 - Quasar Stage
UgxVfaOgvBVwDN9i1GN4AaABAg,"I've been listening to this man since Space Age 1.0! I look in the crowd and I see the younger people having a blast and this is the time that we all sharded with Tiesto. I commend him for 1. Still playing 2. Doing it his way 3. Still making peole come together. From the arenas, warehouses, to club mixing, he's done it all! ğŸ‘ ğŸ‘ ğŸ‘  thank you for everything!",9FcaUhySrbA,TieÌˆsto Live at Coachella 2025 - Quasar Stage
UgzFk4w34-Mklbsmuel4AaABAg,Ğ¢Ğ¸ĞµÑÑ‚Ğ¾ Ğ²Ğ¾Ğ·Ğ²Ñ€Ğ°Ñ‰Ğ°Ğ¹ÑÑ Ğ² Ğ¼Ğ¸Ñ€ Ñ‚Ñ€Ğ°Ğ½ÑĞ° Ğ¸ Ğ¸Ğ³Ñ€Ğ°Ğ¹ Ğ²Ğ¼ĞµÑÑ‚Ğµ Ñ ĞÑ€Ğ¼Ğ¸Ğ½Ğ¾Ğ¼ ÑĞ¿Ğ¸Ğ½Ğ° Ğº ÑĞ¿Ğ¸Ğ½Ğµ. Ğ’ÑĞµ Ñ‚Ğ°Ğ½Ñ†Ğ¿Ğ¾Ğ»Ñ‹ Ğ¼Ğ¸Ñ€Ğ° Ğ±ÑƒĞ´ÑƒÑ‚ Ğ²Ğ°ÑˆĞ¸!,9FcaUhySrbA,TieÌˆsto Live at Coachella 2025 - Quasar Stage
Ugw4BgY41wAIIVeHFBp4AaABAg,What song at 13:00?,9FcaUhySrbA,TieÌˆsto Live at Coachella 2025 - Quasar Stage
UgyXZ_atFC1RU5RCOgJ4AaABAg,Baseck,9FcaUhySrbA,TieÌˆsto Live at Coachella 2025 - Quasar Stage
Ugwogq7cinw1t6_D1rR4AaABAg,"THE GOAT!
 TIESTO TIESTO TIESTO",9FcaUhySrbA,TieÌˆsto Live at Coachella 2025 - Quasar Stage
UgwoMeU9TnKOuTiBboh4AaABAg,"Brutal , perfecto en lo que hace",9FcaUhySrbA,TieÌˆsto Live at Coachella 2025 - Quasar Stage
Ugzwsjj03ZzdwHrlYyx4AaABAg,ĞŸÑ€Ğ¸ÑÑ‚Ğ½Ğ¾ ÑƒĞ´Ğ¸Ğ²Ğ»ĞµĞ½,9FcaUhySrbA,TieÌˆsto Live at Coachella 2025 - Quasar Stage
UgweY2DHzcRPRcaMwm14AaABAg,Itâ€™s like going back to 2004! The King Returns...@@,9FcaUhySrbA,TieÌˆsto Live at Coachella 2025 - Quasar Stage
Ugw8YN5mIvtAa-kLLT94AaABAg,ğŸ”¥ğŸ”¥ğŸ”¥,9FcaUhySrbA,TieÌˆsto Live at Coachella 2025 - Quasar Stage
UgybxkHjirwP5B1nFhd4AaABAg,The greatest of all time,9FcaUhySrbA,TieÌˆsto Live at Coachella 2025 - Quasar Stage
Ugx8eVWXiR65phVsZul4AaABAg,ğŸ‰ğŸ‰ğŸ‰,9FcaUhySrbA,TieÌˆsto Live at Coachella 2025 - Quasar Stage
UgyNFaFhqvbhdidjyuZ4AaABAg,"This guy is crazy no matter what he plays , this set is also amazing love it",9FcaUhySrbA,TieÌˆsto Live at Coachella 2025 - Quasar Stage
UgxF9VYLBPWNcfDMpMt4AaABAg,Itâ€™s fun watching all these BOTS on here commenting the same crap over and over,9FcaUhySrbA,TieÌˆsto Live at Coachella 2025 - Quasar Stage
Ugxe30Wt3jK18VQQc014AaABAg,Heâ€™s slowly transitioning from Main Stage to Neon Garden. Itâ€™s BS,9FcaUhySrbA,TieÌˆsto Live at Coachella 2025 - Quasar Stage
UgwOhiGuexHsTc7ToT54AaABAg,"This is what DJing is about!! Taking the people on a journey. And not playing banger after banger, drop after drop. Thank's for sharing this.",9FcaUhySrbA,TieÌˆsto Live at Coachella 2025 - Quasar Stage
Ugyn55gGEbNkcG6N0Gp4AaABAg,This is what weâ€™ve been patiently hoping and waiting for.  We all knew deep down inside that this time will come!!! Full circle!,9FcaUhySrbA,TieÌˆsto Live at Coachella 2025 - Quasar Stage
UgzHNLhWsjOxQ4KAS8p4AaABAg,Bro with the Kith Honolulu exclusive T in the background (white with rectangular light blue),9FcaUhySrbA,TieÌˆsto Live at Coachella 2025 - Quasar Stage
UgyTmNMZSccX1-KdZZV4AaABAg,Tiesto number 1ğŸ«¶ğŸ«¶ğŸ”ŠğŸ”ŠğŸ’¯ğŸ‘,9FcaUhySrbA,TieÌˆsto Live at Coachella 2025 - Quasar Stage
Ugxt6-K5vXVU2iLQjq14AaABAg,idoloooo,9FcaUhySrbA,TieÌˆsto Live at Coachella 2025 - Quasar Stage
UgzEsKx1uR0tYmat-Y54AaABAg,The #1 Is Back! ISOS feeling,9FcaUhySrbA,TieÌˆsto Live at Coachella 2025 - Quasar Stage
UgxQbMNTzbeQHLXARl94AaABAg,The Master has returned â¤,9FcaUhySrbA,TieÌˆsto Live at Coachella 2025 - Quasar Stage
Ugz1ZPmCs0tVgtdc4Gx4AaABAg,"[00:01] TiÃ«sto - ID (ir's like a version of ""Offshore"" by Chicane). Really amazing track!.",9FcaUhySrbA,TieÌˆsto Live at Coachella 2025 - Quasar Stage
Ugyov2ppMEceA8fhzdF4AaABAg,THANKS FOR THIS MUSIC TIESTO UTRECHT HOLLAND,9FcaUhySrbA,TieÌˆsto Live at Coachella 2025 - Quasar Stage
Ugw-e5HKcXLjdlsGERd4AaABAg,EU TENHO 73 ANOS E NÃƒO ME CANSO DE OUVIR  O MAGO TIESTO,9FcaUhySrbA,TieÌˆsto Live at Coachella 2025 - Quasar Stage
Ugz8-AnMntRkbewUTUN4AaABAg,MARAVILHA ELE VOLTOU AS ORIGENS,9FcaUhySrbA,TieÌˆsto Live at Coachella 2025 - Quasar Stage
UgxIJL-ak7Rn_L3iRvB4AaABAg,"Thank you for this set. 

Sadly, the place wasn't the best choice for it.",9FcaUhySrbA,TieÌˆsto Live at Coachella 2025 - Quasar Stage
UgyI8-NXXa4nmCfdRRl4AaABAg,Tiesto always delivers. I saw him live twice back in the early 2000's. He was amazing then and still is.,9FcaUhySrbA,TieÌˆsto Live at Coachella 2025 - Quasar Stage
Ugxn4rBztIaIZJ7iHn14AaABAg,Forever young :),9FcaUhySrbA,TieÌˆsto Live at Coachella 2025 - Quasar Stage
UgywHsAY_rKZ2PNPnal4AaABAg,Dimethylotryptamine from music trip...Soul,9FcaUhySrbA,TieÌˆsto Live at Coachella 2025 - Quasar Stage
UgwbPI517fBj_tD8Xeh4AaABAg,All those Bro and Chica-Chella folks,9FcaUhySrbA,TieÌˆsto Live at Coachella 2025 - Quasar Stage
UgzwYZqXJjCoGoWOiuB4AaABAg,Tiesto â¤ğŸ‡¨ğŸ‡º 2025 mayo,9FcaUhySrbA,TieÌˆsto Live at Coachella 2025 - Quasar Stage
UgypgBZtWBp_DSh3lM14AaABAg,19:52,9FcaUhySrbA,TieÌˆsto Live at Coachella 2025 - Quasar Stage
UgzNFw_mJALGhmW0WfN4AaABAg,THIS IS TIESTO. ğŸ˜©ğŸ˜©ğŸ˜©ğŸ˜©ğŸ˜©ğŸ˜©ğŸ˜©ğŸ˜©ğŸ˜©ğŸ˜©ğŸ˜©ğŸ˜©ğŸ˜©ğŸ˜©,9FcaUhySrbA,TieÌˆsto Live at Coachella 2025 - Quasar Stage
UgwY1fserylfOon2FTR4AaABAg,"This is prerecorded, we are not far from not having a human as a dj",9FcaUhySrbA,TieÌˆsto Live at Coachella 2025 - Quasar Stage
UgytRhu3GQcNS3glNaN4AaABAg,"Finaly a set from Tiesto like it was back in the days, not just a megamix.Hope he turns back to making sets",9FcaUhySrbA,TieÌˆsto Live at Coachella 2025 - Quasar Stage
Ugy_-10PDJIqhbmamwN4AaABAg,Schlechteste TIESTO aller Zeiten ğŸ˜¢,9FcaUhySrbA,TieÌˆsto Live at Coachella 2025 - Quasar Stage
UgzKlF4uny1-p9khYY54AaABAg,21.00,9FcaUhySrbA,TieÌˆsto Live at Coachella 2025 - Quasar Stage
Ugyep3LzKOfAdEEJvlZ4AaABAg,School is in session witness the master!,9FcaUhySrbA,TieÌˆsto Live at Coachella 2025 - Quasar Stage
Ugx3cOS01Yb2u1_H_Mx4AaABAg,Tiesto is cut from a different cloth! Forever #1.,9FcaUhySrbA,TieÌˆsto Live at Coachella 2025 - Quasar Stage
UgyEtFg8pnxId3aD0sV4AaABAg,"Back in 2009, there were only like 150 in Sarajevo City Hall, yet Tiesto played his gig until 6 am. Mr. Tijs, just keep it up!",9FcaUhySrbA,TieÌˆsto Live at Coachella 2025 - Quasar Stage
UgxYzOGOwJZiO_QgQ6x4AaABAg,This is the first DJ set from TiÃ«sto that I have listened to since the late 2000â€™s. I enjoyed it. That crowd was great. Not too many people on their phones. They were just enjoying the moment.,9FcaUhySrbA,TieÌˆsto Live at Coachella 2025 - Quasar Stage
Ugzh6X-M7TPXHf6DDqZ4AaABAg,My bro Tiesto got smash with this amazing live set!,9FcaUhySrbA,TieÌˆsto Live at Coachella 2025 - Quasar Stage
UgzsHhhPfb5Wpv0xhSl4AaABAg,One of the best since begining.,9FcaUhySrbA,TieÌˆsto Live at Coachella 2025 - Quasar Stage
UgxB4-UUASBaGu2EwgJ4AaABAg,"OMG!!!
 [04:48] Cannons, TiÃ«sto - Fire For You ( TiÃ«sto Remix Extended)
w/ Cannons - Fire For You (Acappella) [COLUMBIA (SONY)]",9FcaUhySrbA,TieÌˆsto Live at Coachella 2025 - Quasar Stage
UgyaaBdqcIY8EwS-g5l4AaABAg,"Nice basic house music. I love so much. So sentimental, reflective and easy to surf on a cool tab of Ã« while having amazing connections with people. This is house culture. â¤â¤â¤",9FcaUhySrbA,TieÌˆsto Live at Coachella 2025 - Quasar Stage
UgwLFIF3ZffyTZGuXKF4AaABAg,"1:08:20 es realmente alucinante el juego de sonidos que mesclan los sentimientos y las emociones... 
Me vuela la cabeza â¤",9FcaUhySrbA,TieÌˆsto Live at Coachella 2025 - Quasar Stage
UgxjmmRzp1PDKK1wo3d4AaABAg,Porque no subiÃ³ el Set Completo?,9FcaUhySrbA,TieÌˆsto Live at Coachella 2025 - Quasar Stage
UgwTS-TGzplFweZ5Yd14AaABAg,"TiÃ«sto en su estado natural ğŸ™Œ veo un dj maduro, el se reinventa, que bueno ğŸ™Œ siempre serÃ¡ mi ÃDOLO",9FcaUhySrbA,TieÌˆsto Live at Coachella 2025 - Quasar Stage
UgxZgZaSOoUqqqX_rpl4AaABAg,Tiesto is the OG,9FcaUhySrbA,TieÌˆsto Live at Coachella 2025 - Quasar Stage
UgxfkPG6tTEJXKKwqSJ4AaABAg,To hard ğŸª¨,9FcaUhySrbA,TieÌˆsto Live at Coachella 2025 - Quasar Stage
UgzXpkNaRwSRH5fG0f94AaABAg,part 2 when,9FcaUhySrbA,TieÌˆsto Live at Coachella 2025 - Quasar Stage
UgwNPjmzGMEBBaQuPY94AaABAg,Equally impressed with his music and his hairline,9FcaUhySrbA,TieÌˆsto Live at Coachella 2025 - Quasar Stage
Ugx-lSbbwgvJunNtPT14AaABAg,Where do we go from here now that all the children are growin' up?,9FcaUhySrbA,TieÌˆsto Live at Coachella 2025 - Quasar Stage
UgxPLbFyrl3b_jfWIil4AaABAg,ë°©êµ¬ì„ì—ì„œ tiesto ë¥¼ ì‹œì²­í•˜ëŠ”ê²Œ í¸í•˜ì§€,9FcaUhySrbA,TieÌˆsto Live at Coachella 2025 - Quasar Stage
Ugwv85z-oWbOs1L8dF14AaABAg,Tiesto true legend,9FcaUhySrbA,TieÌˆsto Live at Coachella 2025 - Quasar Stage
UgylLBDAtgwfJgO36AF4AaABAg,"this set is the real tiesto, thanks for your music",9FcaUhySrbA,TieÌˆsto Live at Coachella 2025 - Quasar Stage
UgwHm7prxtfxMhD6Y_J4AaABAg,wow!,9FcaUhySrbA,TieÌˆsto Live at Coachella 2025 - Quasar Stage
UgzQ1lmjrVlUc3yjcOR4AaABAg,"me encanta , infalible.âœ¨",9FcaUhySrbA,TieÌˆsto Live at Coachella 2025 - Quasar Stage
UgxFCEs8nfGegG2rVA94AaABAg,ğŸ‘Š,9FcaUhySrbA,TieÌˆsto Live at Coachella 2025 - Quasar Stage
UgxmKqrJKwzk9-IDHdl4AaABAg,ğŸ”¥ğŸ‡§ğŸ‡·-RJâœŒğŸ»,9FcaUhySrbA,TieÌˆsto Live at Coachella 2025 - Quasar Stage
Ugwug1XT0H_S6wrEjEJ4AaABAg,"If I was one of those guys there near Tiesto, certainly I would be dancing and crying no  matter what my appearance, my mobile or whatever !!! Love for you Tiesto from Argentina !!! By the way, when are you coming to BA ?",9FcaUhySrbA,TieÌˆsto Live at Coachella 2025 - Quasar Stage
UgzVrEEnLMDEquB-Kdh4AaABAg,@51:20 we see you lady on the lower right corner,9FcaUhySrbA,TieÌˆsto Live at Coachella 2025 - Quasar Stage
UgwzwcAEbNFYRBugpXd4AaABAg,"This is such a dope set. What turns it up, is the 10s of thousands groovin to it. I miss the good ole days, before the internet became mainstream and was in everybody's hand, holding a flyer that had Tiesto written on it.",9FcaUhySrbA,TieÌˆsto Live at Coachella 2025 - Quasar Stage
Ugz2339jjfAWDYoafzt4AaABAg,",,milujeme ta cele Slovensko!!",9FcaUhySrbA,TieÌˆsto Live at Coachella 2025 - Quasar Stage
UgydaTr5pgUE4lykXa94AaABAg,konecneeeeee si to dal na TOP....Paradaaaa....lubime ta Tiestoooo,9FcaUhySrbA,TieÌˆsto Live at Coachella 2025 - Quasar Stage
UgwKpjFmwJvauSxQp-J4AaABAg,Amazing! â¤ï¸ 48:00 ğŸ”¥ğŸ†,9FcaUhySrbA,TieÌˆsto Live at Coachella 2025 - Quasar Stage
Ugwgptt313crxlliuEl4AaABAg,Iâ€™m loving this set excellent work TiÃ«sto ğŸ‰,9FcaUhySrbA,TieÌˆsto Live at Coachella 2025 - Quasar Stage
UgxHZ4dbL7K7gKA49zF4AaABAg,Tiesto; thank you. We feel it.ğŸ’œ Such an awesome set.,9FcaUhySrbA,TieÌˆsto Live at Coachella 2025 - Quasar Stage
UgyP0Mtl5oRltNZfVkZ4AaABAg,He has to move with the times but he is a shadow of what he made himself so great..,9FcaUhySrbA,TieÌˆsto Live at Coachella 2025 - Quasar Stage
UgyZ6uzVwu4S59uoHT54AaABAg,"T I E S T O
R
A
N
C
E",9FcaUhySrbA,TieÌˆsto Live at Coachella 2025 - Quasar Stage
Ugz_LoImCm-GvzruG0V4AaABAg,Saw him back in the day when he was starting out,9FcaUhySrbA,TieÌˆsto Live at Coachella 2025 - Quasar Stage
UgzD_XVURZ7erdCQ_UR4AaABAg,Eargasm purely nostalgic set,9FcaUhySrbA,TieÌˆsto Live at Coachella 2025 - Quasar Stage
UgyyFf4_TuxYYHk6rMJ4AaABAg,ĞĞ°ÑĞºĞ¾Ğ»ÑŒĞºĞ¾ Ğ¶Ğµ ÑÑ‚Ğ¾ Ğ¶Ğ°Ğ»ĞºĞ¾ ÑĞ¼Ğ¾Ñ‚Ñ€Ğ¸Ñ‚ÑÑ Ğ² ÑÑ€Ğ°Ğ²Ğ½ĞµĞ½Ğ¸Ğ¸ Ñ Tiesto In Concert 2003/2004/2005,9FcaUhySrbA,TieÌˆsto Live at Coachella 2025 - Quasar Stage
UgxDfIFqrHyeKTxdFrN4AaABAg,21:00 min tiesto is feeling it,9FcaUhySrbA,TieÌˆsto Live at Coachella 2025 - Quasar Stage
Ugxzr8DvKo8SzpJ_POh4AaABAg,Te amo Tieso,9FcaUhySrbA,TieÌˆsto Live at Coachella 2025 - Quasar Stage
UgwGj0l2DGPAPZ-qtQN4AaABAg,"Necesito paz en este mundo en caos, tÃº me das esa paz TiÃ«sto. Gracias por existir hombre de los universos.",9FcaUhySrbA,TieÌˆsto Live at Coachella 2025 - Quasar Stage
Ugz3PXzxMWeNgVe5I2x4AaABAg,i got some cleaning to do!,9FcaUhySrbA,TieÌˆsto Live at Coachella 2025 - Quasar Stage
UgyJx0yL30F-hLwisWh4AaABAg,Tiesto #1 DJ,9FcaUhySrbA,TieÌˆsto Live at Coachella 2025 - Quasar Stage
UgxS-KLZtTSOducS0l14AaABAg,Alguien me puede traducir al espaÃ±ol lo que dice al inicio PERU â¤ Lima,9FcaUhySrbA,TieÌˆsto Live at Coachella 2025 - Quasar Stage
Ugx-n_dzKU8LLDRK3v14AaABAg,â¤â¤â¤â¤â¤â¤â¤â¤â¤â¤,9FcaUhySrbA,TieÌˆsto Live at Coachella 2025 - Quasar Stage
Ugz6vuXb6ya-49QyRBh4AaABAg,cant even mix a crap!!!! wooooow this grandpaa needs to retire,9FcaUhySrbA,TieÌˆsto Live at Coachella 2025 - Quasar Stage
Ugz2mT7KpTvP_scQKUp4AaABAg,Why isn't this in iTunes yet?!?!,9FcaUhySrbA,TieÌˆsto Live at Coachella 2025 - Quasar Stage
UgxGqwOray7RclIH_AB4AaABAg,Sick Set ğŸ‰,9FcaUhySrbA,TieÌˆsto Live at Coachella 2025 - Quasar Stage
Ugw9pzvkJ05giN9Q00d4AaABAg,Ich freue mich schon auf Ihr Set auf AudioRiver. Spielt in diesem Stil!,9FcaUhySrbA,TieÌˆsto Live at Coachella 2025 - Quasar Stage
Ugx8_3GqugP0gwq991F4AaABAg,Its LOVE music,9FcaUhySrbA,TieÌˆsto Live at Coachella 2025 - Quasar Stage
Ugx5xPbUx4jf8JqOEXF4AaABAg,ğŸ™ ğŸ˜ŒğŸ™ƒğŸ‰ğŸ’,9FcaUhySrbA,TieÌˆsto Live at Coachella 2025 - Quasar Stage
Ugz6ypvEunL_WEHTzl54AaABAg,"great start, I've been thinking Cannons should be on Tiesto's radar to mix. glad to hear it, they're both amazing!!!",9FcaUhySrbA,TieÌˆsto Live at Coachella 2025 - Quasar Stage
UgwzNdXBUMHOeRpq7H54AaABAg,"Interestingly enough, I liked this set a LOT more than his one he did in 2007 (or whenever the hell that was).",9FcaUhySrbA,TieÌˆsto Live at Coachella 2025 - Quasar Stage
UgxYrXuUQZlRDeVlJw14AaABAg,The godfather of EDM music,9FcaUhySrbA,TieÌˆsto Live at Coachella 2025 - Quasar Stage
UgzG53bs7DdLq5J84kJ4AaABAg,"brilliant set... except when he played Solomun track and his new track, didn't really fit in with rest of the set... ğŸ¤·â€â™‚ï¸
decent crowd too... ğŸ™Œ
got this on repeat... ğŸ˜",9FcaUhySrbA,TieÌˆsto Live at Coachella 2025 - Quasar Stage
Ugz-Fx6zqimU1G3kFGZ4AaABAg,Nice,9FcaUhySrbA,TieÌˆsto Live at Coachella 2025 - Quasar Stage
UgzOHTIirSo_IYHGkkl4AaABAg,Penso che sia stata una delle migliori feste di Tiesto â€¦. Sei un grande ğŸ‰ğŸ‰ğŸ‰ğŸ‰â¤â¤â¤â¤,9FcaUhySrbA,TieÌˆsto Live at Coachella 2025 - Quasar Stage
Ugx41lxB-o9Z-9ZszVN4AaABAg,âœŒï¸ğŸ˜Œ,9FcaUhySrbA,TieÌˆsto Live at Coachella 2025 - Quasar Stage
UgxE0By2mNkpAa1dhS94AaABAg,I need the song ID of that Radiohead everything in its right place,9FcaUhySrbA,TieÌˆsto Live at Coachella 2025 - Quasar Stage
UgwzEGLEefddaeiN6sZ4AaABAg,"Surprised this hasnt hit 1,000,000 viewsâ€¦â€¦â€¦. Iv only re played like 10,000 times ğŸ¤£",9FcaUhySrbA,TieÌˆsto Live at Coachella 2025 - Quasar Stage
UgzeqObCQoIUMpZ_lt14AaABAg,Can't find it on Spotify. Does anyone know if it's getting added to Spotify or where I can find it?,9FcaUhySrbA,TieÌˆsto Live at Coachella 2025 - Quasar Stage
Ugxu8MWP6uep1cxauv94AaABAg,That Tiesto i want to hear !,9FcaUhySrbA,TieÌˆsto Live at Coachella 2025 - Quasar Stage
UgxqlAIPJl3tiVxqf1J4AaABAg,"â¤ï¸ğŸ”¥Time stamps so I can come back!! 
26:04 â¤ï¸ğŸ”¥
28:48 â¤ï¸ğŸ”¥â¤ï¸Sweet disposition!!",9FcaUhySrbA,TieÌˆsto Live at Coachella 2025 - Quasar Stage
UgxEnajKTFonm9LKfwV4AaABAg,29min mark for temper trap,9FcaUhySrbA,TieÌˆsto Live at Coachella 2025 - Quasar Stage
UgxbmPYvKxlNuHfy_lh4AaABAg,Who's talking at the beginning??,9FcaUhySrbA,TieÌˆsto Live at Coachella 2025 - Quasar Stage
UgyQNX4VMC4x8ir9AaN4AaABAg,TiÃ«sto & Mathame - Love In Heaven AMAZING TRACK!,9FcaUhySrbA,TieÌˆsto Live at Coachella 2025 - Quasar Stage
Ugx9brvm1NYzMX4uNtZ4AaABAg,Thank you so much for this epic set I enjoyed it there,9FcaUhySrbA,TieÌˆsto Live at Coachella 2025 - Quasar Stage
UgxYkApvXJcd7n0ucAt4AaABAg,Goat.,9FcaUhySrbA,TieÌˆsto Live at Coachella 2025 - Quasar Stage
UgwuIQK4E0VZeZDC5TF4AaABAg,The GOAT did it again! Great in search of sunrise vibes in this set.,9FcaUhySrbA,TieÌˆsto Live at Coachella 2025 - Quasar Stage
UgxDtkU51J2D3I7aG554AaABAg,Tiesto ğŸ”¥,9FcaUhySrbA,TieÌˆsto Live at Coachella 2025 - Quasar Stage
UgzsXBGQH7nXuPuQoXt4AaABAg,The Dj of djs the goat,9FcaUhySrbA,TieÌˆsto Live at Coachella 2025 - Quasar Stage
UgyUi2Xa-0BAlu6oFWp4AaABAg,"Heres prime tiesto, all the way from Glasgow https://youtu.be/HuCR-FvO5o4?si=iTbixWA19Hv61FtD",9FcaUhySrbA,TieÌˆsto Live at Coachella 2025 - Quasar Stage
UgxttTAX5ETT3PSDP2R4AaABAg,Just wondering why you didn't play this set in NYC ğŸ˜­,9FcaUhySrbA,TieÌˆsto Live at Coachella 2025 - Quasar Stage
Ugx9bH0Ef3md97ZX6uN4AaABAg,El mejor de todos los tiempos ğŸ«¶âœ¨,9FcaUhySrbA,TieÌˆsto Live at Coachella 2025 - Quasar Stage
UgzUqCsr2xacLNobbqV4AaABAg,"The music is great, but those people with phones...why??? Enjoy the music ffs.",9FcaUhySrbA,TieÌˆsto Live at Coachella 2025 - Quasar Stage
UgxKWq_K9Koi_UAlJUp4AaABAg,FINALLY!,9FcaUhySrbA,TieÌˆsto Live at Coachella 2025 - Quasar Stage
UgzrttDI41mW2sjPeWF4AaABAg,A great set like in the old gold days. Thank you for sharing and congratulations for the amazing set!,9FcaUhySrbA,TieÌˆsto Live at Coachella 2025 - Quasar Stage
UgyFzSp7-lhxgg0xM0h4AaABAg,Itâ€™s been a Long time since I didnâ€™t enjoy a Tiestoâ€™s set like this. Simply amazing! â¤,9FcaUhySrbA,TieÌˆsto Live at Coachella 2025 - Quasar Stage
UgyPGxCk2YShCzWUhUF4AaABAg,it is like all we want to come here to hear what you play,9FcaUhySrbA,TieÌˆsto Live at Coachella 2025 - Quasar Stage
Ugzahx6bxe3tp3XutKp4AaABAg,Definitely one of the best sets in a while by the LEGEND TIESTOğŸ§,9FcaUhySrbA,TieÌˆsto Live at Coachella 2025 - Quasar Stage
UgxggY_PkwwM3egFAZJ4AaABAg,"NUMBER ONE OF ALL TIMES, LOVE THE SET 
TIESTO THE LEGEND ğŸ¤©ğŸ˜â˜ï¸ğŸ†",9FcaUhySrbA,TieÌˆsto Live at Coachella 2025 - Quasar Stage
UgxVEvSTEvGGtbEiSEV4AaABAg,Tiesto didn't have to but he absolutely murdered it,9FcaUhySrbA,TieÌˆsto Live at Coachella 2025 - Quasar Stage
UgzniUD72A-GmwmnpmF4AaABAg,ğŸ’¯ğŸ¦¾,9FcaUhySrbA,TieÌˆsto Live at Coachella 2025 - Quasar Stage
Ugwfesmhcp7ev3oeQd54AaABAg,who else feels if tiesto tracks had stronger kicks and faster pace wud be timeless bangers,9FcaUhySrbA,TieÌˆsto Live at Coachella 2025 - Quasar Stage
UgzfazwoU_IolnPdLQV4AaABAg,LegendeğŸ˜EindBaas!,9FcaUhySrbA,TieÌˆsto Live at Coachella 2025 - Quasar Stage
UgzNVEayCLQJbIxLwKF4AaABAg,trainwreck within the first 2 minutes? wut?,9FcaUhySrbA,TieÌˆsto Live at Coachella 2025 - Quasar Stage
UgyzkqtFFFYHVho5YsF4AaABAg,loving it!,9FcaUhySrbA,TieÌˆsto Live at Coachella 2025 - Quasar Stage
UgybUCPe6pKazxxlLU14AaABAg,"I'm so ON That i'm off XD 
GIVE YOU 10 IN 5 XD 
I DONT LOVE PRESSURE 
I LOVE YOU",9FcaUhySrbA,TieÌˆsto Live at Coachella 2025 - Quasar Stage
UgxRXljMzCOMYOPE8ld4AaABAg,Old school*_* Love ya Ace :),9FcaUhySrbA,TieÌˆsto Live at Coachella 2025 - Quasar Stage
Ugy8BgruZMd3G2d8syN4AaABAg,California dreamin... :),9FcaUhySrbA,TieÌˆsto Live at Coachella 2025 - Quasar Stage
UgwsAsGB_4yAtQdDzgp4AaABAg,Canâ€™t wait for daytrip,9FcaUhySrbA,TieÌˆsto Live at Coachella 2025 - Quasar Stage
UgxYH2su4WVpET_4WMp4AaABAg,You are changing the game...,9FcaUhySrbA,TieÌˆsto Live at Coachella 2025 - Quasar Stage
UgwTNdy4em-Qks2QGp94AaABAg,"I LOVE You,,Daddy,, :) One dimention to another.You are a genius.Free soul.",9FcaUhySrbA,TieÌˆsto Live at Coachella 2025 - Quasar Stage
UgxeJVPIQGZ_88yF5oB4AaABAg,Say yes to drugs,9FcaUhySrbA,TieÌˆsto Live at Coachella 2025 - Quasar Stage
UgyDSliNy9fANGl4ved4AaABAg,"I was surprised by thisâ€¦ sounds like the old in search of sunrise just a little more commercial

Yeah but not the same ğŸ˜‚",9FcaUhySrbA,TieÌˆsto Live at Coachella 2025 - Quasar Stage
UgxgEoblIh4gC3UskfN4AaABAg,Wonâ€™t Be Possible !!!!!!!!!!!!!Bravo tiesto,9FcaUhySrbA,TieÌˆsto Live at Coachella 2025 - Quasar Stage
Ugy0uZIGyF6X1j7z14J4AaABAg,"Man twisting all kinds of knobs, just press play and vibe bro",9FcaUhySrbA,TieÌˆsto Live at Coachella 2025 - Quasar Stage
Ugw7_fKFMmiEeHEOLZ94AaABAg,ğŸ«¡,9FcaUhySrbA,TieÌˆsto Live at Coachella 2025 - Quasar Stage
Ugxw2MorXEESlwWtsbB4AaABAg,Tiesto how he was meant to be.  Soooo gooooood!!!,9FcaUhySrbA,TieÌˆsto Live at Coachella 2025 - Quasar Stage
Ugz2dUi7kv_dfkFT57V4AaABAg,"Oldskool Tiesto, love it!",9FcaUhySrbA,TieÌˆsto Live at Coachella 2025 - Quasar Stage
Ugzp1HS0IITKWgfn7014AaABAg,I wanna see him live ğŸŒ¼â¤ï¸ğŸ¦‹,9FcaUhySrbA,TieÌˆsto Live at Coachella 2025 - Quasar Stage
UgyYmK-wL-i4Eb4btaN4AaABAg,"Excuse me guys, relly is him tiesto??",9FcaUhySrbA,TieÌˆsto Live at Coachella 2025 - Quasar Stage
UgyZ3soz1CvwvrzZSoh4AaABAg,"Thank you for the music, for the show, for the happiness!
I'll go again in an other show of you, for sure i'll!",9FcaUhySrbA,TieÌˆsto Live at Coachella 2025 - Quasar Stage
UgxswegB4rhij63RhQh4AaABAg,OHIO SIVIZITS,9FcaUhySrbA,TieÌˆsto Live at Coachella 2025 - Quasar Stage
Ugzp_MWqF6Y86ZnR3th4AaABAg,This mogo played set like this,9FcaUhySrbA,TieÌˆsto Live at Coachella 2025 - Quasar Stage
UgypAYKcQFIavmpBwBN4AaABAg,How this is possible. ..ğŸ‰ğŸ‰ğŸ‰,9FcaUhySrbA,TieÌˆsto Live at Coachella 2025 - Quasar Stage
Ugw735K8RP1rHZVRwfF4AaABAg,"Pola
Ska",9FcaUhySrbA,TieÌˆsto Live at Coachella 2025 - Quasar Stage
UgxYDUCx_TkWFStRjYp4AaABAg,Cause it's live,9FcaUhySrbA,TieÌˆsto Live at Coachella 2025 - Quasar Stage
UgzCOycMPH8ZOOY0AY94AaABAg,Never live even will be with more ppl behind the dj,9FcaUhySrbA,TieÌˆsto Live at Coachella 2025 - Quasar Stage
Ugzjh62Xnpyhw9xsNpN4AaABAg,As if only TIESTO could care less...fucken swear mynNY god heart,9FcaUhySrbA,TieÌˆsto Live at Coachella 2025 - Quasar Stage
Ugzx56NcQrIUdYjOkHd4AaABAg,Who are the folks behind him,9FcaUhySrbA,TieÌˆsto Live at Coachella 2025 - Quasar Stage
Ugzg7hSTwxZGOM86PQl4AaABAg,"No more i have all the ques, to TU PAc",9FcaUhySrbA,TieÌˆsto Live at Coachella 2025 - Quasar Stage
UgzTc3w2jMxkW-qxawx4AaABAg,Less button oussher more music followers,9FcaUhySrbA,TieÌˆsto Live at Coachella 2025 - Quasar Stage
Ugxn15KQrEk1TAzlpAB4AaABAg,1990...communist Poland....Poland a POWER House now,9FcaUhySrbA,TieÌˆsto Live at Coachella 2025 - Quasar Stage
UgzPy88_PBmgd9mbIKN4AaABAg,1990...communist Poland....Poland a POWER House now,9FcaUhySrbA,TieÌˆsto Live at Coachella 2025 - Quasar Stage
UgzEDlDes0821MNUWap4AaABAg,PURE JOY,9FcaUhySrbA,TieÌˆsto Live at Coachella 2025 - Quasar Stage
UgzYTyST2_WrnAea2Rx4AaABAg,There we go.. this pure....1989 I been listening dumping artists this is pure joy on my best speakers ...WOW  I used to hate to listen to TIESTO at times,9FcaUhySrbA,TieÌˆsto Live at Coachella 2025 - Quasar Stage
UgzPzRe7lybcWmDTEEh4AaABAg,Glad tiesto is going back to his staring best roots after 09 alot of the tiesto vibe was gone now he back,9FcaUhySrbA,TieÌˆsto Live at Coachella 2025 - Quasar Stage
Ugx17jBzmuO0yF5tVn54AaABAg,keep it classic,9FcaUhySrbA,TieÌˆsto Live at Coachella 2025 - Quasar Stage
UgyQIxnaPlRM_wsYCBN4AaABAg,Wow.,9FcaUhySrbA,TieÌˆsto Live at Coachella 2025 - Quasar Stage
Ugy7KL36IDQaXBL0nu14AaABAg,einzforte,9FcaUhySrbA,TieÌˆsto Live at Coachella 2025 - Quasar Stage
UgxZ8MRD5uJc3VKjDjx4AaABAg,"Ğ¢ĞµĞ¹Ñ , Ğ¿Ñ€Ğ¸ĞµĞ´ÑŒ ÑĞ½Ğ¾Ğ²Ğ° Ğ² Ğ¥Ğ°Ñ€ÑŒĞºĞ¾Ğ² Ñ ĞºĞ¾Ğ½Ñ†ĞµÑ€Ñ‚Ğ¾Ğ¼ . , ĞšĞ¾Ğ³Ğ´Ğ° Ğ·Ğ°ĞºĞ¾Ğ½Ñ‡Ğ¸Ñ‚ÑÑ ÑÑ‚Ğ Ğ¿Ğ»Ğ¾Ñ…Ğ¾Ğµ Ğ´ĞµĞ¹ÑÑ‚Ğ²Ğ¸Ğµ Ñ‡Ñ‚Ğ¾ ÑĞµĞ¹Ñ‡Ğ°Ñ Ğ¿Ñ€Ğ¾Ğ¸ÑÑ…Ğ¾Ğ´Ğ¸Ñ‚ .",9FcaUhySrbA,TieÌˆsto Live at Coachella 2025 - Quasar Stage
UgyVXrMcEYC_khqCQvF4AaABAg,Wow still hot as after all these years. I â¤â¤â¤ listening to you play.,9FcaUhySrbA,TieÌˆsto Live at Coachella 2025 - Quasar Stage
Ugx4kllF7VeusVoR0Tp4AaABAg,Best set I've heard from him in years. Only miss is ending it abruptly.,9FcaUhySrbA,TieÌˆsto Live at Coachella 2025 - Quasar Stage
UgxkLNDMsUJM0hQi0dV4AaABAg,Welcome back â€¦  ğŸ‰â¤ğŸ‡²ğŸ‡½,9FcaUhySrbA,TieÌˆsto Live at Coachella 2025 - Quasar Stage
Ugydn-Jjgjtv8nDG0194AaABAg,Tiesto understood Coachella!!ğŸ™ŒğŸ»,9FcaUhySrbA,TieÌˆsto Live at Coachella 2025 - Quasar Stage
Ugy07r8ZEwAqDnKBLfR4AaABAg,"wow, what a damn legend.",9FcaUhySrbA,TieÌˆsto Live at Coachella 2025 - Quasar Stage
UgxKnoIUNXgBuyLRuSt4AaABAg,LifeğŸ‰ğŸ‰ğŸ‰ğŸ‰,9FcaUhySrbA,TieÌˆsto Live at Coachella 2025 - Quasar Stage
Ugycfn56dYczhNh4NNJ4AaABAg,Epic as always,9FcaUhySrbA,TieÌˆsto Live at Coachella 2025 - Quasar Stage
UgyyTDE6VMXkHF1wyZh4AaABAg,"Fabrika ayarlarÄ±na dÃ¶nmÃ¼ÅŸ sonunda, yÄ±llardÄ±r dinleyemiyorduk.",9FcaUhySrbA,TieÌˆsto Live at Coachella 2025 - Quasar Stage
Ugy6s58JyXcg4YS9cm94AaABAg,Oh my MIND!!!!!!!,9FcaUhySrbA,TieÌˆsto Live at Coachella 2025 - Quasar Stage
UgxiktS2-bignNmkXSt4AaABAg,Tiesto no falla ğŸ‰,9FcaUhySrbA,TieÌˆsto Live at Coachella 2025 - Quasar Stage
UgwkpgT_t_MpFcz18UB4AaABAg,weak except for the last 3 or 4 tracks.,9FcaUhySrbA,TieÌˆsto Live at Coachella 2025 - Quasar Stage
UgwGehx3pQ8eVnwRXaJ4AaABAg,I'll never forget when he had 100 people in DC in the early days of Caught Me Running. He had them going it was a place with 25k of people. The last time he played he had 27k of people 6 years later. I remember spending time in VIP lounge with him. Prior and after his 2 to 6 hrs set.,9FcaUhySrbA,TieÌˆsto Live at Coachella 2025 - Quasar Stage
UgxxOPcp-P2NtA_wK-p4AaABAg,woooow! 99 vibes with 2020 beats!,9FcaUhySrbA,TieÌˆsto Live at Coachella 2025 - Quasar Stage
UgxZOalDQMubqgwf6N14AaABAg,ğŸ‡¨ğŸ‡±ğŸ‘‹ğŸ¦¾,9FcaUhySrbA,TieÌˆsto Live at Coachella 2025 - Quasar Stage
UgxEh_RRu0P-x86bA4J4AaABAg,world championship...,9FcaUhySrbA,TieÌˆsto Live at Coachella 2025 - Quasar Stage
UgxWwmj35fX2lCF65nV4AaABAg,13:00 co to za utwÃ³r ?????,9FcaUhySrbA,TieÌˆsto Live at Coachella 2025 - Quasar Stage
Ugx2YG9utjRsCEQMkOZ4AaABAg,TiÃ«sto Ã© f'da. Craque demais!,9FcaUhySrbA,TieÌˆsto Live at Coachella 2025 - Quasar Stage
UgySByLLfAYXgPhC-Ll4AaABAg,RÃ³Å¼owa Patologia Matysa w Tle???â¤,9FcaUhySrbA,TieÌˆsto Live at Coachella 2025 - Quasar Stage
UgytBrTQN77bYYlNB4B4AaABAg,Complete shit. Whats with the zombie crowd. The real Tieso died around 2002,9FcaUhySrbA,TieÌˆsto Live at Coachella 2025 - Quasar Stage
UgwzuYB6AqkD3u2-xOB4AaABAg,Everything In Its Right Place â¤â€ğŸ”¥,9FcaUhySrbA,TieÌˆsto Live at Coachella 2025 - Quasar Stage
Ugx_vv7pRQUL28-L5jZ4AaABAg,He keeps up always!!!!,9FcaUhySrbA,TieÌˆsto Live at Coachella 2025 - Quasar Stage
Ugx4AnACBe05l9kxF_Z4AaABAg,Big ups to one of the best DJS in the world! One luv â˜º,9FcaUhySrbA,TieÌˆsto Live at Coachella 2025 - Quasar Stage
Ugzx3svMx5kTyRCjsv54AaABAg,A legend who never loose the track,9FcaUhySrbA,TieÌˆsto Live at Coachella 2025 - Quasar Stage
UgwSKAPxwjLw03fXXz94AaABAg,36:00 Is pure ISOS feelings,9FcaUhySrbA,TieÌˆsto Live at Coachella 2025 - Quasar Stage
UgzHN_6EVujCwNJYIRd4AaABAg,Dedem yine kÄ±sÄ±k ateÅŸte piÅŸiriyor,9FcaUhySrbA,TieÌˆsto Live at Coachella 2025 - Quasar Stage
UgxFcrMNAUMnbxHNlz54AaABAg,"Met Tiesto about 20 years ago backstage at Queen in O PorriÃ±o, Spain.  Anyone been there?",9FcaUhySrbA,TieÌˆsto Live at Coachella 2025 - Quasar Stage
UgyB5DqLlUKLMRzfJk54AaABAg,"Amazing, really amazing. If he would play more like this, I definitely would go back to his gigs.",9FcaUhySrbA,TieÌˆsto Live at Coachella 2025 - Quasar Stage
Ugx4UIqrBijxBRxihP94AaABAg,â¤â¤â¤ Amazing mixes at 12 min ++22 mins ğŸ˜,9FcaUhySrbA,TieÌˆsto Live at Coachella 2025 - Quasar Stage
UgzYskpTbmPglbjrWrZ4AaABAg,"Superbe concert comme j'adore, dommage que la fin soit coupÃ©",9FcaUhySrbA,TieÌˆsto Live at Coachella 2025 - Quasar Stage
UgwgJXf1pz2N0r0yfy14AaABAg,The King has returned!!!! Sunrise!!! 2000â€™s Magic! No words canâ€™t describe not even him. Just the music!,9FcaUhySrbA,TieÌˆsto Live at Coachella 2025 - Quasar Stage
UgymMKFBdfNRge9ITjR4AaABAg,What's the song at 4:30?!,9FcaUhySrbA,TieÌˆsto Live at Coachella 2025 - Quasar Stage
UgwXrR6ppUcPHDXwobl4AaABAg,"43:45 dumbass laughing at a guy dancing when theyre taking up space just talking in the middle of the crowd, get ur ass in the back and have ur conversations",9FcaUhySrbA,TieÌˆsto Live at Coachella 2025 - Quasar Stage
UgwCZmd0NvSwRQ64i2R4AaABAg,Why so many wearing sunglasses after dark?,9FcaUhySrbA,TieÌˆsto Live at Coachella 2025 - Quasar Stage
UgxAziGB3_xZUffpeL54AaABAg,is Tiesto back for real?,9FcaUhySrbA,TieÌˆsto Live at Coachella 2025 - Quasar Stage
UgwbkaWJN_c1YgnCQ6t4AaABAg,Funny watching Americans get more into house music. Love it haha,9FcaUhySrbA,TieÌˆsto Live at Coachella 2025 - Quasar Stage
UgwHMhH7rNRqBB6gAvh4AaABAg,"Onze trots, ons DJ ğŸ˜Š I fucking Love it ğŸ‡±ğŸ‡º",9FcaUhySrbA,TieÌˆsto Live at Coachella 2025 - Quasar Stage
Ugx61d18G2z3fbNzqjV4AaABAg,GRACIAS GENIO!!!,9FcaUhySrbA,TieÌˆsto Live at Coachella 2025 - Quasar Stage
UgxyAXIkl1ObIZdO4bZ4AaABAg,ISOS baby - back in town!!!!!! HOW LONG HAS IT TAKEN!,9FcaUhySrbA,TieÌˆsto Live at Coachella 2025 - Quasar Stage
UgyiF7dHqkiOrMKDCkp4AaABAg,@1:16:48,9FcaUhySrbA,TieÌˆsto Live at Coachella 2025 - Quasar Stage
Ugz05niqnhbc5fvuHFJ4AaABAg,Lejos de ser el tiesto de 2004-2008. Pero al menos ahora vuelve a poner musica y no ruido,9FcaUhySrbA,TieÌˆsto Live at Coachella 2025 - Quasar Stage
UgxEuUnJxnTmsoptSmZ4AaABAg,"I caught him there when Sandra Collinâ€™s and him had a time mix up. Not Coachella though. Nocturnal Wonderland. 2,000, 2,002? Shook his hand, got a hug, and both him and Sandra Collinâ€™s signed my ticket. Fun times.",9FcaUhySrbA,TieÌˆsto Live at Coachella 2025 - Quasar Stage
UgyPE0b-imx8ISt3reN4AaABAg,"[57:29] TiÃ«sto & Mathame - Love In Heaven [MUSICAL FREEDOM] 
[19:45] Fred again.. vs. Animal Picnic & 19:26 - Jungle XX (Hoax (BE) Revise) [ATLANTIC (WARNER MUSIC)/SIAMESE]
I need them on Spotify right now, thanks! ;)",9FcaUhySrbA,TieÌˆsto Live at Coachella 2025 - Quasar Stage
Ugz7DPiBuUJ_DYU4kQ94AaABAg,A great entrance but the people behind couldn't keep up,9FcaUhySrbA,TieÌˆsto Live at Coachella 2025 - Quasar Stage
UgwkAJzEAg29mCEAp4F4AaABAg,"Please someone help me I cannot find this mix anywhere ! 

[40:49] RÃ¶yksopp ft. Susanne SundfÃ¸r - Running To The Sea (TiÃ«sto Remix) [DOG TRIUMPH]",9FcaUhySrbA,TieÌˆsto Live at Coachella 2025 - Quasar Stage
Ugz50stcwp92ACglM0N4AaABAg,Where can I find this set list!! Pls!!!! Someone!!,9FcaUhySrbA,TieÌˆsto Live at Coachella 2025 - Quasar Stage
UgyBLoIwoMlvutNw0cl4AaABAg,ğŸ”¥ğŸ”¥ğŸ”¥,9FcaUhySrbA,TieÌˆsto Live at Coachella 2025 - Quasar Stage
UgyWYb5qktDmdejtDYN4AaABAg,We need the full 3 hour set!!  Drop that ğŸ”¥ please,9FcaUhySrbA,TieÌˆsto Live at Coachella 2025 - Quasar Stage
Ugy-7TqIuwRIg4VU-154AaABAg,Please explain to a nooob: do all this super dj stars sets are pre recorded and they just act? or its a real time mxing where they put all their skills? is all the music of his authorship?,9FcaUhySrbA,TieÌˆsto Live at Coachella 2025 - Quasar Stage
UgyavC8jljMURdVs7hF4AaABAg,What a dream set,9FcaUhySrbA,TieÌˆsto Live at Coachella 2025 - Quasar Stage
UgyFYDfa6_SGi0zVwn94AaABAg,"ğŸŒğŸŒğŸŒğŸ”¥ğŸ’ª1ï¸âƒ£â£ï¸ğŸ˜
Together forever 
Mafia 1 forever not to be replaced ever with all love and respect 
Keep it up mafia 1
Big love",9FcaUhySrbA,TieÌˆsto Live at Coachella 2025 - Quasar Stage
Ugy8gkcBmLwmc6N0weN4AaABAg,3:33 get me going!  great set.,9FcaUhySrbA,TieÌˆsto Live at Coachella 2025 - Quasar Stage
UgwvQZxzq3C0k9PczMd4AaABAg,An old master at work... Legendary set...,9FcaUhySrbA,TieÌˆsto Live at Coachella 2025 - Quasar Stage
Ugwfc068gGc4MLYVWwN4AaABAg,Where can I find full set?,9FcaUhySrbA,TieÌˆsto Live at Coachella 2025 - Quasar Stage
Ugy99Nb0yfWDbg7dcKl4AaABAg,This wasn't on my 2025 Bingo card.  Tiesto is back home!,9FcaUhySrbA,TieÌˆsto Live at Coachella 2025 - Quasar Stage
UgwAHACVF2Wb7TlbOj14AaABAg,"love everything, music, vibe and what it resonance with all of us who has been following since the beginning",9FcaUhySrbA,TieÌˆsto Live at Coachella 2025 - Quasar Stage
UgwcBGKRCVOUHXHdh2d4AaABAg,54:00,9FcaUhySrbA,TieÌˆsto Live at Coachella 2025 - Quasar Stage
UgzbncSVrun1tcHzkMV4AaABAg,12:28 ğŸ˜¢,9FcaUhySrbA,TieÌˆsto Live at Coachella 2025 - Quasar Stage
UgzebgA9H5cJ3ungG014AaABAg,Is the beginning Allan watts?,9FcaUhySrbA,TieÌˆsto Live at Coachella 2025 - Quasar Stage
Ugz1eNY66-ybMrL1luJ4AaABAg,SIEMPRE TIESTOğŸ¶ğŸ˜ğŸ‡¦ğŸ‡·,9FcaUhySrbA,TieÌˆsto Live at Coachella 2025 - Quasar Stage
Ugz6ciF9LRMI21KpcSR4AaABAg,"I said it this year TÃ¯esto of the past is back, he mustâ€™ve went down a rabbithole in January as his remixes of messy etc are absolute magic and a touch of the TÃ¯esto elements of life tour, itâ€™s good to hear a nice set as most lately have been a bit mainstreamy,",9FcaUhySrbA,TieÌˆsto Live at Coachella 2025 - Quasar Stage
UgzXlyYDfUpkGORXIcV4AaABAg,Damnnn remix if The Cannons at 4:51!! Let's goooo ğŸ”¥ğŸ”¥,9FcaUhySrbA,TieÌˆsto Live at Coachella 2025 - Quasar Stage
UgxNqzvHnTE07QV6x694AaABAg,Have you recorded this concert with a phone ğŸ˜‚,9FcaUhySrbA,TieÌˆsto Live at Coachella 2025 - Quasar Stage
UgzLmzYMMt7QCsa4PoV4AaABAg,The goat ğŸ,9FcaUhySrbA,TieÌˆsto Live at Coachella 2025 - Quasar Stage
UgwPfzoGWxsLRnaOZD54AaABAg,Any1 have set list?,9FcaUhySrbA,TieÌˆsto Live at Coachella 2025 - Quasar Stage
UgzsG1agYeIpBhjsXal4AaABAg,the boss,9FcaUhySrbA,TieÌˆsto Live at Coachella 2025 - Quasar Stage
UgykBIpfzeyZLO6OYK54AaABAg,Tiesto going through the motions pretending he likes what he's spinning. ğŸ¤£,9FcaUhySrbA,TieÌˆsto Live at Coachella 2025 - Quasar Stage
UgwXbERWRKwhq0YiU4l4AaABAg,The King is back!! I was waiting 15 years for this moment!!,9FcaUhySrbA,TieÌˆsto Live at Coachella 2025 - Quasar Stage
Ugx4b0-MLNL3H64gDh14AaABAg,26:49 â¤,9FcaUhySrbA,TieÌˆsto Live at Coachella 2025 - Quasar Stage
UgwBfWja0h7HjePD1p54AaABAg,Crowd giving him nothing,9FcaUhySrbA,TieÌˆsto Live at Coachella 2025 - Quasar Stage
UgxMRij-Q-fs7rUk8Sx4AaABAg,The best Tiesto set in 20 years plus,9FcaUhySrbA,TieÌˆsto Live at Coachella 2025 - Quasar Stage
UgzKIaSkJmz5RfOfo0F4AaABAg,put the phones down and DANCE,9FcaUhySrbA,TieÌˆsto Live at Coachella 2025 - Quasar Stage
UgzT97gQWnuCcGXz0Y54AaABAg,"Tiesto see you on Dance Valley in August, cannot wait to see you live. Great set !",9FcaUhySrbA,TieÌˆsto Live at Coachella 2025 - Quasar Stage
UgyeHJZ2ScFYY4LYuj14AaABAg,Itâ€™s a magical Set!! What a trip God!,9FcaUhySrbA,TieÌˆsto Live at Coachella 2025 - Quasar Stage
UgxMZ1j1Bx2bicnKvb54AaABAg,ğŸ™ŒğŸ»ğŸ”¥ğŸ˜ğŸ§,9FcaUhySrbA,TieÌˆsto Live at Coachella 2025 - Quasar Stage
Ugx-H6WNBNiO0vLNpwR4AaABAg,Best DJ ever ğŸ”¥ğŸ”¥ğŸ”¥ğŸ”¥ğŸ”¥,9FcaUhySrbA,TieÌˆsto Live at Coachella 2025 - Quasar Stage
UgwZAlTyGyzug4dHwVR4AaABAg,The GOAT!,9FcaUhySrbA,TieÌˆsto Live at Coachella 2025 - Quasar Stage
Ugxw7VxjNM491zNOBaN4AaABAg,Absolute legend.,9FcaUhySrbA,TieÌˆsto Live at Coachella 2025 - Quasar Stage
UgyIT3kqL8LBofpmYp14AaABAg,What a wonderfull set â¤ ğŸ’¯ğŸ”¥,9FcaUhySrbA,TieÌˆsto Live at Coachella 2025 - Quasar Stage
UgyIUYaoSAsHnfbMf4J4AaABAg,tiesto mixing youngr.... OMG,9FcaUhySrbA,TieÌˆsto Live at Coachella 2025 - Quasar Stage
UgyXjdd6YA7J0Re4eOF4AaABAg,"All I have to say, is all you assholes that paid thousands of dollars to hang out behind a dj that you have no idea his significance on this world and just shuffle your feet like twats, you don't deserve to go to these festivals.  Donate your funds to others to enjoy the journey.",9FcaUhySrbA,TieÌˆsto Live at Coachella 2025 - Quasar Stage
UgxhUfW-LIxscX8KIIx4AaABAg,"Missed him, im still vibing with the oldies but glad hes making a comeback ğŸ˜¢",9FcaUhySrbA,TieÌˆsto Live at Coachella 2025 - Quasar Stage
Ugx74JDvuDzuquYNgep4AaABAg,what day did he play?,9FcaUhySrbA,TieÌˆsto Live at Coachella 2025 - Quasar Stage
UgxDddLBENNijinQf7t4AaABAg,What song is it at 12:30 cant find it,9FcaUhySrbA,TieÌˆsto Live at Coachella 2025 - Quasar Stage
Ugz3DFnDn7XcSMy-rrp4AaABAg,AMAZING TIESTO!!!â€™,9FcaUhySrbA,TieÌˆsto Live at Coachella 2025 - Quasar Stage
UgwyGTQlzbI7FjH0knh4AaABAg,ğŸŒ…ğŸŒ…ğŸŒ…ğŸŒ…ğŸŒ…ğŸŒ…ğŸŒ…ğŸŒ…ğŸŒ…,9FcaUhySrbA,TieÌˆsto Live at Coachella 2025 - Quasar Stage
Ugy3fnt1_YVgZ7khy5V4AaABAg,"He's made the money, but this is not the Tiesto from 2001-2004",9FcaUhySrbA,TieÌˆsto Live at Coachella 2025 - Quasar Stage
Ugx_-8KVKtC08j3rU7p4AaABAg,Tiesto just elevated Coachella and howâ€¦.. takes me back to the In search of sunrise days ğŸš€ ğŸš€,9FcaUhySrbA,TieÌˆsto Live at Coachella 2025 - Quasar Stage
UgxPFinLmlFqQcxF84B4AaABAg,Que mÃºsica tan Maluca. Tiesto ya no es el de antes. PerdiÃ³ ritmo . Es mejor que se retire,9FcaUhySrbA,TieÌˆsto Live at Coachella 2025 - Quasar Stage
UgyBGbj7vTfEfWgKUFZ4AaABAg,â¤â¤â¤â¤â¤â¤â¤,9FcaUhySrbA,TieÌˆsto Live at Coachella 2025 - Quasar Stage
Ugz1moORamCtrk4XGVN4AaABAg,MAGIK !!!,9FcaUhySrbA,TieÌˆsto Live at Coachella 2025 - Quasar Stage
Ugy3S8cRuus2iyZWPCJ4AaABAg,â¤â¤â¤â¤â¤,9FcaUhySrbA,TieÌˆsto Live at Coachella 2025 - Quasar Stage
UgwUDR0UVg9-2D_6Dbp4AaABAg,Gran set !! ğŸ‘ğŸ»ğŸ‘ğŸ»,9FcaUhySrbA,TieÌˆsto Live at Coachella 2025 - Quasar Stage
UgwQYNcOwmRM5w1naUB4AaABAg,27:05 M83â¤,9FcaUhySrbA,TieÌˆsto Live at Coachella 2025 - Quasar Stage
UgxS-BnJeFHOJ0P__qJ4AaABAg,"Many poor people wasted their money there !
Buy now, pay later aso...",9FcaUhySrbA,TieÌˆsto Live at Coachella 2025 - Quasar Stage
Ugw4g6RUR9sw0ymZgh14AaABAg,"The running to the sea remix is insane, goosebumps",9FcaUhySrbA,TieÌˆsto Live at Coachella 2025 - Quasar Stage
UgzR9NjdkA_l91ZWetp4AaABAg,"Following Tiesto from Nyana, In Search of Sunrise Los Angeles, my favorite being Ibiza and Asia.... I hope to see him in Mexico City ğŸ˜ŠğŸ™ŒğŸ¼",9FcaUhySrbA,TieÌˆsto Live at Coachella 2025 - Quasar Stage
UgyWgwfbZu6FY2wpI754AaABAg,"Nekem ez unalmas volt bocsÃ¡nat ,ğŸ˜‚",9FcaUhySrbA,TieÌˆsto Live at Coachella 2025 - Quasar Stage
Ugy7r0CWtPQe4Acprvh4AaABAg,Never is too late to come back to the roots. Did Tiesto reinvent himself again?,9FcaUhySrbA,TieÌˆsto Live at Coachella 2025 - Quasar Stage
Ugyufi8KFVyDtefBf9x4AaABAg,1:01:55 - 1:10:06,9FcaUhySrbA,TieÌˆsto Live at Coachella 2025 - Quasar Stage
Ugzx5l-boqnP8H10khl4AaABAg,Its still so weird to see everyone with their phones out recording live sets... especially with the whole thing going up online professionally recorded later.,9FcaUhySrbA,TieÌˆsto Live at Coachella 2025 - Quasar Stage
Ugz-SPhfTAV3KwgPpPp4AaABAg,"""LUV, LUV, LUV
Amazing, wish i was there
ğŸ˜¢ğŸ‰â¤
Nice 1, TIESTO
From LIVERPOOL XxxxxxxX",9FcaUhySrbA,TieÌˆsto Live at Coachella 2025 - Quasar Stage
Ugzbj_cmBvnLfXkOfw94AaABAg,My Brother keep the Bit!R,9FcaUhySrbA,TieÌˆsto Live at Coachella 2025 - Quasar Stage
UgzC34Fu0nBQF3f3_5N4AaABAg,Too many ads ğŸ™„,9FcaUhySrbA,TieÌˆsto Live at Coachella 2025 - Quasar Stage
UgwGfOjEU7z6YZGbiZ94AaABAg,Tracklist?,9FcaUhySrbA,TieÌˆsto Live at Coachella 2025 - Quasar Stage
Ugy-W80DTtpBGOPIFpB4AaABAg,"This is an amazing set of Tiesto, real Tiesto.",9FcaUhySrbA,TieÌˆsto Live at Coachella 2025 - Quasar Stage
UgyJGQCmYrbzAhnsiKZ4AaABAg,I was there and i need a lot more energy!! I was ready to jump and dance ğŸ˜­ğŸ˜­,9FcaUhySrbA,TieÌˆsto Live at Coachella 2025 - Quasar Stage
UgxvUFeFltuU-cWPred4AaABAg,"VolviÃ³ ğŸ‰ğŸ‰ el Tiesto de hace 25 aÃ±os ha vueltoooooğŸ”¥ğŸš€ğŸ«¶ğŸ» gracias seÃ±or,  te hechaba de menos ğŸ˜¢â¤ PrÃ³ximo ISOS  por favvvooooorrrrrr",9FcaUhySrbA,TieÌˆsto Live at Coachella 2025 - Quasar Stage
UgxNHW4ZOC8asPT4OyF4AaABAg,tiesto its back its not timmy trumpet,9FcaUhySrbA,TieÌˆsto Live at Coachella 2025 - Quasar Stage
UgyVOM67S9OHgsz69Ht4AaABAg,the best set,9FcaUhySrbA,TieÌˆsto Live at Coachella 2025 - Quasar Stage
Ugx8ftenoRhWyDD72xF4AaABAg,Fantastic Set ğŸ”¥ğŸ”¥ğŸ”¥ğŸ”¥,9FcaUhySrbA,TieÌˆsto Live at Coachella 2025 - Quasar Stage
UgxhJA1h9Bpdc29yy_d4AaABAg,Absolute magic!!!!,9FcaUhySrbA,TieÌˆsto Live at Coachella 2025 - Quasar Stage
UgwhwNhEbrLNZyLl1W94AaABAg,"This is the reason I fell in love with Tiesto 20 years ago - the OG superstar DJ. This is what made Tiesto, Tiesto. Wow!",9FcaUhySrbA,TieÌˆsto Live at Coachella 2025 - Quasar Stage
Ugzfc3MWePB8A5tOQhl4AaABAg,does anyone know where the vocals from the yumi mashup are from at 53:58?,9FcaUhySrbA,TieÌˆsto Live at Coachella 2025 - Quasar Stage
UgzSkzqI6I2LL2Bcq2p4AaABAg,Legend ğŸ«¶,9FcaUhySrbA,TieÌˆsto Live at Coachella 2025 - Quasar Stage
Ugwe68BH1VUvgK85jd14AaABAg,EL PAPA DE LOS HELADOS,9FcaUhySrbA,TieÌˆsto Live at Coachella 2025 - Quasar Stage
UgwJJLV3KZO9mywE97l4AaABAg,"I saw him in 2000 with 50 people in the room.  6 months later, there was 10k people there at a festival. He blew up. His ability to take you on a journey is like none other. True master up there",9FcaUhySrbA,TieÌˆsto Live at Coachella 2025 - Quasar Stage
UgxFtxNbt2bIPNoaM1Z4AaABAg,is this VER:WEST set ? hehehe,9FcaUhySrbA,TieÌˆsto Live at Coachella 2025 - Quasar Stage
UgxY-95I7h0S0l0-Fe54AaABAg,â¤â¤â¤ğŸ”¥ğŸ”¥ğŸ”¥,9FcaUhySrbA,TieÌˆsto Live at Coachella 2025 - Quasar Stage
UgzYm1ZJLbe3rqnklft4AaABAg,This set is magic,9FcaUhySrbA,TieÌˆsto Live at Coachella 2025 - Quasar Stage
Ugxiz53uhvMBlmUD8CF4AaABAg,"I dont like, out of date..maybe after 32:00, generally transitions are very fastâ€¦",9FcaUhySrbA,TieÌˆsto Live at Coachella 2025 - Quasar Stage
UgyGw0Z_JOpX1bX5kdZ4AaABAg,"This is TiÃ«sto at his finest, gone back to his signature style that I was transfixed  with 25 plus years ago and safe to say I still am. Still got the magic.",9FcaUhySrbA,TieÌˆsto Live at Coachella 2025 - Quasar Stage
UgzzWHm1BomHWDCwHdJ4AaABAg,"Bro, this set is from another planet â€” I seriously love it. goshhhhhhhhhhh",9FcaUhySrbA,TieÌˆsto Live at Coachella 2025 - Quasar Stage
Ugyg_upLcArB6pjhq0F4AaABAg,"This fucking man is TIMELESS! Any genre, any mix, any platform! Heâ€™s making the people move on amazing energy",9FcaUhySrbA,TieÌˆsto Live at Coachella 2025 - Quasar Stage
UgwF1zytx3ToIJWvtZh4AaABAg,Sorry but just too many breaks and buildups for my taste.. Sometimes the energy just doesn't stay consistent in these massive events,9FcaUhySrbA,TieÌˆsto Live at Coachella 2025 - Quasar Stage
UgwgUEUGX0Qf2IoZKzl4AaABAg,Video has confirmed why I never want to go to Coachella. Awesome set and the crowd is just brutal.,9FcaUhySrbA,TieÌˆsto Live at Coachella 2025 - Quasar Stage
UgzUVxhojiI6G_RuMwl4AaABAg,â¤â¤â¤â¤â¤ beautiful,9FcaUhySrbA,TieÌˆsto Live at Coachella 2025 - Quasar Stage
UgzhzVMUSsc7hzwZMZB4AaABAg,nadie puede negar que sigue siendo el MEJOR DE TODOS...,9FcaUhySrbA,TieÌˆsto Live at Coachella 2025 - Quasar Stage
UgycFNEY1YhJUwp_7kZ4AaABAg,In search of sunrise vibes!!!,9FcaUhySrbA,TieÌˆsto Live at Coachella 2025 - Quasar Stage
UgyhWOnS6tWMhR4Idlx4AaABAg,way too many ads to enjoy this video,9FcaUhySrbA,TieÌˆsto Live at Coachella 2025 - Quasar Stage
Ugx0kvvOrSIE4tMTcH14AaABAg,Why the hell is there so many people on the stage.. That looks annoying..,9FcaUhySrbA,TieÌˆsto Live at Coachella 2025 - Quasar Stage
UgxzUTijUhiPoe4K7M54AaABAg,Tiesto big boss. ğŸ”¥ğŸ”¥,9FcaUhySrbA,TieÌˆsto Live at Coachella 2025 - Quasar Stage
UgzFuG6mP1zzAoBd2Vd4AaABAg,"This set grows on me every day, the anyma and solomun collab hit's my soul! Love the last part of the melody in the break when he go's higher so much!",9FcaUhySrbA,TieÌˆsto Live at Coachella 2025 - Quasar Stage
UgzAiN7gKnHUt8BBWgV4AaABAg,This feels like classic Tiesto! Love it!,9FcaUhySrbA,TieÌˆsto Live at Coachella 2025 - Quasar Stage
Ugxqist74dOHfUMGHI54AaABAg,"Dj Tiesto, Napoli 14 Febbraio 2009 Palapartenope, I was there, front row, unbelieavable! The best!",9FcaUhySrbA,TieÌˆsto Live at Coachella 2025 - Quasar Stage
UgzB1yEqMoi_FAkx0gN4AaABAg,The beginning of this set was not sync at all hahahah,9FcaUhySrbA,TieÌˆsto Live at Coachella 2025 - Quasar Stage
UgyEd4Piia_u1JGNmTF4AaABAg,30 and on really hit me emotionally,9FcaUhySrbA,TieÌˆsto Live at Coachella 2025 - Quasar Stage
UgzclDMmiuBjI1R47J14AaABAg,Cluelshtit of what he first was,9FcaUhySrbA,TieÌˆsto Live at Coachella 2025 - Quasar Stage
Ugw9ImHJfMeOgeyh7Zh4AaABAg,Why can't I find most of those remixes anywhere,9FcaUhySrbA,TieÌˆsto Live at Coachella 2025 - Quasar Stage
UgzWLpaJ7aR3_n-wt7V4AaABAg,"[57:29] TiÃ«sto & Mathame - Love In Heaven is amazing... Best track of the set IMO. 
... The breakdown around [1:00:00] gave me chills when I heard it live.",9FcaUhySrbA,TieÌˆsto Live at Coachella 2025 - Quasar Stage
UgzDHXafvcVn75NbYGd4AaABAg,Tiesto ğŸŒ´ Couchella,9FcaUhySrbA,TieÌˆsto Live at Coachella 2025 - Quasar Stage
UgyK_mFeA42z93YNs7B4AaABAg,creeedo manda muito!,9FcaUhySrbA,TieÌˆsto Live at Coachella 2025 - Quasar Stage
Ugxo8OepPgZvYeZwrrh4AaABAg,Love the quote from Leonard Bernstein at the beginning.,9FcaUhySrbA,TieÌˆsto Live at Coachella 2025 - Quasar Stage
UgxLNoY8B_gpJHzOY9t4AaABAg,The King has returned for the sunrise.,9FcaUhySrbA,TieÌˆsto Live at Coachella 2025 - Quasar Stage
UgwEwcpj0W6LSmq7ZnZ4AaABAg,lekkerrrrrr <3,9FcaUhySrbA,TieÌˆsto Live at Coachella 2025 - Quasar Stage
UgzHn4VuysxagTmQE154AaABAg,"The first 20 minutes sound, look, and feel like a Hipster Funeral to me...",9FcaUhySrbA,TieÌˆsto Live at Coachella 2025 - Quasar Stage
Ugwbr3YLEpXYs90A-jN4AaABAg,I love the new song with the good boys â¤â¤â¤,9FcaUhySrbA,TieÌˆsto Live at Coachella 2025 - Quasar Stage
UgyjMfT_or7Zmtra_Zx4AaABAg,This is so good,9FcaUhySrbA,TieÌˆsto Live at Coachella 2025 - Quasar Stage
Ugx8sICVw9JzGRQIYFJ4AaABAg,"Took about first 29 minutes of build up before he got to higher, danceable RPM music. 

The vibe of the set felt a little bit allover the place. Played too much cheese and not enough bangers.

Definitely more of a chill vibe than get up move kind set.

Crowd looked half asleep.

For Teisto Iâ€™d give this a 4 out of 10.",9FcaUhySrbA,TieÌˆsto Live at Coachella 2025 - Quasar Stage
UgxKEWd6vOfdSQN5wlZ4AaABAg,Very Deep ........... Tiesto & sunset  ğŸ–¤,9FcaUhySrbA,TieÌˆsto Live at Coachella 2025 - Quasar Stage
Ugx4r3jPV5Il_fg2iQJ4AaABAg,Endlichâ¤,9FcaUhySrbA,TieÌˆsto Live at Coachella 2025 - Quasar Stage
Ugw8-p2c5HNB4I4HOFp4AaABAg,"ğŸ˜³WOW
Me llevo 
A los tiempos 
IN SEARCH OF SUNRISE 
ğŸ”¥T I E S T OğŸ”¥",9FcaUhySrbA,TieÌˆsto Live at Coachella 2025 - Quasar Stage
UgyuXzt70kXbtxl1sKV4AaABAg,"è°¢è°¢ ğŸ‰ TiestoğŸ’–
Limited Rare Remix",9FcaUhySrbA,TieÌˆsto Live at Coachella 2025 - Quasar Stage
UgzgXKjQePDkjTwGV_14AaABAg,masterpiece,9FcaUhySrbA,TieÌˆsto Live at Coachella 2025 - Quasar Stage
UgxchTjaxsROyXRQd4J4AaABAg,Now these are the BEST tracks to Bang toâ€¦ The World would be a Basic place if Tiesto wasnâ€™t apart of itâ€¦ â¤,9FcaUhySrbA,TieÌˆsto Live at Coachella 2025 - Quasar Stage
UgwISsgvUYIii2F5wM94AaABAg,Wowâ€¦such a magical moment âœ¨âœ¨âœ¨,9FcaUhySrbA,TieÌˆsto Live at Coachella 2025 - Quasar Stage
UgzScU7zjCgm9o9k9NZ4AaABAg,VINTAGE CULTURE ON THIS STAGE WOULDVE WENT CRAZY,9FcaUhySrbA,TieÌˆsto Live at Coachella 2025 - Quasar Stage
UgyxXGHFwQat7GiFNdd4AaABAg,"@TiÃ«sto first weekend is for the kids! 
Come down to 2nd weekend ğŸ˜˜",9FcaUhySrbA,TieÌˆsto Live at Coachella 2025 - Quasar Stage
UgxQ5TzX8KWCo3Tq8hJ4AaABAg,Vintage tiesto,9FcaUhySrbA,TieÌˆsto Live at Coachella 2025 - Quasar Stage
UgyjMq_BIorz4eiy2TN4AaABAg,"i am so glad I decided to give this a listen, This is the Tiesto I know!!!",9FcaUhySrbA,TieÌˆsto Live at Coachella 2025 - Quasar Stage
Ugy2AbY8DmZ0ZNvMokF4AaABAg,"It's amazing, this dude has been a DJ for as long as I can remember and he still barely mix two tracks together correctly.",9FcaUhySrbA,TieÌˆsto Live at Coachella 2025 - Quasar Stage
UgwqaEg_M5SiN44en9p4AaABAg,So.... there wont be drop???  ğŸ˜¢,9FcaUhySrbA,TieÌˆsto Live at Coachella 2025 - Quasar Stage
Ugxfh6phZ-mec-nw5914AaABAg,Old daddy Tiesto vibes. ğŸ˜ GOAT! ğŸ ğŸğŸ,9FcaUhySrbA,TieÌˆsto Live at Coachella 2025 - Quasar Stage
UgxlkjFRs_d7UG4Fggd4AaABAg,Thank you this is beautiful,9FcaUhySrbA,TieÌˆsto Live at Coachella 2025 - Quasar Stage
UgyI6l5xTD7TMJcKX0t4AaABAg,In Search Of Sunrise is back! â¤,9FcaUhySrbA,TieÌˆsto Live at Coachella 2025 - Quasar Stage
UgyxdZ0PNPJW4nWWdqd4AaABAg,"Hace tiempo no escuchaba un set tan bello! Tremendo inicio, classic perfect !!! Awanteeeeeeeeeeee, the jungle!",9FcaUhySrbA,TieÌˆsto Live at Coachella 2025 - Quasar Stage
UgyXEMTDsuVpjkCJkk94AaABAg,Tiesto â¤,9FcaUhySrbA,TieÌˆsto Live at Coachella 2025 - Quasar Stage
Ugzvv_naC6WOXsKQQNJ4AaABAg,Wonderfulâ€¦ â¤all the remixes. Bravo Tiesto ğŸ‰,9FcaUhySrbA,TieÌˆsto Live at Coachella 2025 - Quasar Stage
Ugx7Sg_QI_FsXKXXd614AaABAg,Do you love me???It is certain,9FcaUhySrbA,TieÌˆsto Live at Coachella 2025 - Quasar Stage
Ugx0Xk4YhGchVa7-eAt4AaABAg,Only loveâ¤,9FcaUhySrbA,TieÌˆsto Live at Coachella 2025 - Quasar Stage
Ugw_XXwsO_u5W8j0kB94AaABAg,o maior que nÃ³s temos!,9FcaUhySrbA,TieÌˆsto Live at Coachella 2025 - Quasar Stage
Ugw5JDhgr5e1Usj_9WN4AaABAg,What's the first song or second one he played attracted to you lyrics anyone?,9FcaUhySrbA,TieÌˆsto Live at Coachella 2025 - Quasar Stage
UgyJBRJWi3Qjy0r8afV4AaABAg,"Lo amo tanto , aquÃ­ en Colombia fue increÃ­ble â¤",9FcaUhySrbA,TieÌˆsto Live at Coachella 2025 - Quasar Stage
UgxKN7GyukK9wFNJgZN4AaABAg,Return of the King. Finally no more EDM BS. Missed him so much the last 20 years. This makes me really happy.,9FcaUhySrbA,TieÌˆsto Live at Coachella 2025 - Quasar Stage
Ugy2jrWhmaynfwXXEV14AaABAg,I've been here since any year of Tiesto!ğŸ˜€ğŸ’€ğŸ™ğŸ§‘â€ğŸ«ğŸ‘¼ğŸŒğŸğŸŒ²ğŸŠğŸ”ğŸŒâœˆğŸŒğŸŒˆâš½ğŸ¥…ğŸˆğŸ€ğŸ±ğŸ’¸ğŸª“âš°âš›ğŸ³ğŸŸ¤,9FcaUhySrbA,TieÌˆsto Live at Coachella 2025 - Quasar Stage
Ugy__G1EwGe4SgaqP7l4AaABAg,The king is back â¤,9FcaUhySrbA,TieÌˆsto Live at Coachella 2025 - Quasar Stage
Ugz7X5kagG7w1HrHa6l4AaABAg,"This is my threed time to listen this set fromâ¤ the about 20plus min.till end. Tijs mix something likeğŸ’‹ this in Exit festivalğŸ‰ğŸ¥³ğŸˆ in SerbiağŸ‡·ğŸ‡¸ and u will see how â¤â¤â¤we loveâ¤â¤â¤ youğŸ’—ğŸ’—ğŸ’— so, so muchğŸ’‹ğŸ’‹ğŸ’‹ğŸ’‹ here. Not mixed USAğŸ‡ºğŸ‡¸ shit. â¤â¤â¤Be adorableğŸ˜ just like only u ğŸ’‹â¤knows. â¤â¤",9FcaUhySrbA,TieÌˆsto Live at Coachella 2025 - Quasar Stage
UgzAmZtUfnMMc3kwkjR4AaABAg,Im here any day of the year fof this side of Tiesto!,9FcaUhySrbA,TieÌˆsto Live at Coachella 2025 - Quasar Stage
UgzpWAdDY82DOIUjj614AaABAg,Welcome back Tiestooo ğŸ‰,9FcaUhySrbA,TieÌˆsto Live at Coachella 2025 - Quasar Stage
UgwWh4u7TIhwmV9vKgN4AaABAg,What a beautiful set. â¤,9FcaUhySrbA,TieÌˆsto Live at Coachella 2025 - Quasar Stage
Ugz8HPbPoDa7onc9DzB4AaABAg,Tiesto forewer,9FcaUhySrbA,TieÌˆsto Live at Coachella 2025 - Quasar Stage
Ugz9rP689LOjnsCELWd4AaABAg,One of the GOATs!,9FcaUhySrbA,TieÌˆsto Live at Coachella 2025 - Quasar Stage
UgyaNtjQIqDsCQfeUpJ4AaABAg,Tiesto dans sa meilleure expression ğŸ”¥ğŸ”¥ğŸ”¥ğŸ”¥ğŸ”¥,9FcaUhySrbA,TieÌˆsto Live at Coachella 2025 - Quasar Stage
Ugx7tqBf4ygPpjVd-1J4AaABAg,Tiesto!! No puede ser!! la leyenda aun esta viva!! Por fin entra en camino rumbo a recuperar su verdadero nivel,9FcaUhySrbA,TieÌˆsto Live at Coachella 2025 - Quasar Stage
UgzXOiGNE6Sgr0RivY14AaABAg,â¤â¤â¤â¤â¤â¤â¤,9FcaUhySrbA,TieÌˆsto Live at Coachella 2025 - Quasar Stage
UgzXsn3TyO8Q9G0Fpvd4AaABAg,Why does it end abruptly,9FcaUhySrbA,TieÌˆsto Live at Coachella 2025 - Quasar Stage
UgwUvIcIbSGQJQoBzmt4AaABAg,12:30 if he plays this at EDC Iâ€™m going to lose my mind,9FcaUhySrbA,TieÌˆsto Live at Coachella 2025 - Quasar Stage
UgzdwhjYkf0Ax86fVx54AaABAg,1:25:40,9FcaUhySrbA,TieÌˆsto Live at Coachella 2025 - Quasar Stage
UgxLw_obRgjUxEaKPCl4AaABAg,"Grew up listening to tiesto from when I was 16, in 1999â€¦ this is one of his best sets of resent time. Nostalgic to hear this, and know he still has the talent. ğŸ˜¢",9FcaUhySrbA,TieÌˆsto Live at Coachella 2025 - Quasar Stage
Ugx1Dw8U8YHLpGvqfAl4AaABAg,This set is sooo Anjunadeep âœ¨ğŸ‘Œâ¤ï¸,9FcaUhySrbA,TieÌˆsto Live at Coachella 2025 - Quasar Stage
UgyBPVT5oJDtx5JkqO14AaABAg,"el retorno del rey, al fin regreso a lo que era, buena musica buena vibra",9FcaUhySrbA,TieÌˆsto Live at Coachella 2025 - Quasar Stage
UgwXHz3h5XbJfJuV9X94AaABAg,Thank you for the support on my Radiohead edit ğŸ«¶ğŸ¼,9FcaUhySrbA,TieÌˆsto Live at Coachella 2025 - Quasar Stage
UgyLF6IpgCE0pZfiAcJ4AaABAg,ğŸ‰ğŸ‰ğŸ‰ğŸ‰ğŸ‰ğŸ‰ğŸ‰ğŸ‰,9FcaUhySrbA,TieÌˆsto Live at Coachella 2025 - Quasar Stage
UgwYZpzSqfxHWuEggXZ4AaABAg,TÃ¯esto â¤ï¸â€ğŸ”¥â¤ï¸â€ğŸ”¥â¤ï¸â€ğŸ”¥â¤ï¸â€ğŸ”¥,9FcaUhySrbA,TieÌˆsto Live at Coachella 2025 - Quasar Stage
Ugzyfz_TaVi4RX0nG8l4AaABAg,LOL to the people who are watching the performance through their phones.,9FcaUhySrbA,TieÌˆsto Live at Coachella 2025 - Quasar Stage
UgztJ3ZEJm9gZ10FLoN4AaABAg,STUPID PEOPLE RECORDING EVERYWHERE.,9FcaUhySrbA,TieÌˆsto Live at Coachella 2025 - Quasar Stage
UgwqZQVV32aXGwzBq_R4AaABAg,[22:07] I saw what you did there! ğŸ˜„,9FcaUhySrbA,TieÌˆsto Live at Coachella 2025 - Quasar Stage
UgzS82S2CzwcxUmOSMx4AaABAg,Love u tiesto,9FcaUhySrbA,TieÌˆsto Live at Coachella 2025 - Quasar Stage
UgzcA9mMg1bMNkZfqJB4AaABAg,I miss tiestoâ€¦ who is thisâ€¦ this is not club experiment tiestoâ€¦ this is soooo weird.,9FcaUhySrbA,TieÌˆsto Live at Coachella 2025 - Quasar Stage
UgyAcvP3z86uOPxhKw14AaABAg,o homi Ã© fortee,9FcaUhySrbA,TieÌˆsto Live at Coachella 2025 - Quasar Stage
UgyODUOXXirecVAGs2l4AaABAg,why is there a weird dude wearing a scarf underneath his hat behind the DJ ?,9FcaUhySrbA,TieÌˆsto Live at Coachella 2025 - Quasar Stage
UgxOl9VwOLlSugJnpNZ4AaABAg,people are really paying to witness this ?,9FcaUhySrbA,TieÌˆsto Live at Coachella 2025 - Quasar Stage
UgzyUnIgu1ZFV0WGML94AaABAg,Deep respect ğŸ”¥ğŸ™,9FcaUhySrbA,TieÌˆsto Live at Coachella 2025 - Quasar Stage
UgzhsKgtyZqzAGQDTCB4AaABAg,Timestamps bro is your time to shine,9FcaUhySrbA,TieÌˆsto Live at Coachella 2025 - Quasar Stage
UgxYeBFS9DDBtXW5fXd4AaABAg,Incroyable,9FcaUhySrbA,TieÌˆsto Live at Coachella 2025 - Quasar Stage
UgxB0-bJvjPNqiW8DjJ4AaABAg,"22:24
Moderat, Keinemusik, &ME, Rampa - More Love (TiÃ«sto Remix)
Epic
41:00 
RÃ¶yksopp ft. Susanne SundfÃ¸r - Running To The Sea (TiÃ«sto Remix) 
Epic, TiÃ«sto legend , this track need to be realesed please TiÃ«sto, waiting...",9FcaUhySrbA,TieÌˆsto Live at Coachella 2025 - Quasar Stage
UgzhE96wq_c1kb_yip94AaABAg,Best Dj the GOAT,9FcaUhySrbA,TieÌˆsto Live at Coachella 2025 - Quasar Stage
UgxNF7UHlKqV5_5pYnl4AaABAg,Whatâ€™s up with all the NPCâ€™s creeping behind. This is Tiesto but just spinning EDM for all the NPC creepers and the fake smart phone ravers. Not real Tiesto â€“ unless sold out. Let's get down to business.,9FcaUhySrbA,TieÌˆsto Live at Coachella 2025 - Quasar Stage
Ugx762qvZRC1u6ebqqh4AaABAg,"hi, im hi. nice to meet you kmioj",9FcaUhySrbA,TieÌˆsto Live at Coachella 2025 - Quasar Stage
UgxPYk_R6AwGwWvAVJx4AaABAg,won. pointa,9FcaUhySrbA,TieÌˆsto Live at Coachella 2025 - Quasar Stage
UgwpXb3Aw-2gxT22FhR4AaABAg,Collaboration with Mathame without vocals - superb ğŸ‘ğŸ«¡.,9FcaUhySrbA,TieÌˆsto Live at Coachella 2025 - Quasar Stage
UgwpA_7KfqfXnkysHG14AaABAg,First opening track was the best song from this entire set,9FcaUhySrbA,TieÌˆsto Live at Coachella 2025 - Quasar Stage
Ugx2dfPDHiT78ads61R4AaABAg,What a refreshing throwback set from the goat,9FcaUhySrbA,TieÌˆsto Live at Coachella 2025 - Quasar Stage
UgzEGxk98pc8erw4vYd4AaABAg,Hizo vibrar mi cuerpo con cada melodÃ­a!!  Tiesto ğŸ‰ gracias por tan bello set.  Old  school presente â¤,9FcaUhySrbA,TieÌˆsto Live at Coachella 2025 - Quasar Stage
Ugwuzpp5MZ9f3B4mqM14AaABAg,This is amazing. Tiesto knows how to keep music fresh. On ğŸ” ğŸ’ƒğŸ½ğŸ’ƒğŸ½ğŸ’ƒğŸ½,9FcaUhySrbA,TieÌˆsto Live at Coachella 2025 - Quasar Stage
UgwzL_x4u5VA4td2-bp4AaABAg,Wow this brings me back to the 2000ish Tiesto I love!,9FcaUhySrbA,TieÌˆsto Live at Coachella 2025 - Quasar Stage
Ugwn1O-rrAkdlj9r1cl4AaABAg,Sunset + Tiesto music = good vibes  ğŸ˜Š,9FcaUhySrbA,TieÌˆsto Live at Coachella 2025 - Quasar Stage
Ugy52oFhK9P0ZnPg-bB4AaABAg,ğŸŒ´ğŸ’™ğŸ’«,9FcaUhySrbA,TieÌˆsto Live at Coachella 2025 - Quasar Stage
UgwHzdar4-jM9Ug35614AaABAg,Unbelieveable! Tiesto you must come Back for this way please!! I miss so much the real Tiesto tunes and bassis...The old Times makes me happy! Come Back real Tiesto!!!,9FcaUhySrbA,TieÌˆsto Live at Coachella 2025 - Quasar Stage
UgziG5URJBmgqIXENx94AaABAg,Amen,9FcaUhySrbA,TieÌˆsto Live at Coachella 2025 - Quasar Stage
Ugwt3PYatF1_K4tuOBl4AaABAg,Amen,9FcaUhySrbA,TieÌˆsto Live at Coachella 2025 - Quasar Stage
UgwMM7LLp4-VZus4P5x4AaABAg,Amen,9FcaUhySrbA,TieÌˆsto Live at Coachella 2025 - Quasar Stage
UgwSvnQKXTgASUsZ9RF4AaABAg,Amen,9FcaUhySrbA,TieÌˆsto Live at Coachella 2025 - Quasar Stage
UgxrODqF7SPhATdQkyF4AaABAg,Amen,9FcaUhySrbA,TieÌˆsto Live at Coachella 2025 - Quasar Stage
UgxccvfziOX9wkeSe354AaABAg,Amen,9FcaUhySrbA,TieÌˆsto Live at Coachella 2025 - Quasar Stage
UgxFvSGQrzPGyril_R94AaABAg,Amen,9FcaUhySrbA,TieÌˆsto Live at Coachella 2025 - Quasar Stage
UgwEIZMbtEIAPhDvc-l4AaABAg,Amen,9FcaUhySrbA,TieÌˆsto Live at Coachella 2025 - Quasar Stage
UgxE5ei_HPyYV-BrMHx4AaABAg,Amen,9FcaUhySrbA,TieÌˆsto Live at Coachella 2025 - Quasar Stage
Ugxtb8iDkmB4T4P-bv14AaABAg,Amen,9FcaUhySrbA,TieÌˆsto Live at Coachella 2025 - Quasar Stage
UgwbEhWCpqMi4K3O-0J4AaABAg,White,9FcaUhySrbA,TieÌˆsto Live at Coachella 2025 - Quasar Stage
UgzjKokq9WlTmFbYtjJ4AaABAg,White,9FcaUhySrbA,TieÌˆsto Live at Coachella 2025 - Quasar Stage
Ugzj6mH7fbI-9kKWeUF4AaABAg,Amen,9FcaUhySrbA,TieÌˆsto Live at Coachella 2025 - Quasar Stage
UgzHIDrnLBdiySbbcx54AaABAg,Amen,9FcaUhySrbA,TieÌˆsto Live at Coachella 2025 - Quasar Stage
Ugyq6fW3AY_hW5d-W_R4AaABAg,Amen,9FcaUhySrbA,TieÌˆsto Live at Coachella 2025 - Quasar Stage
UgwJFiD5o5lhF4d8JXB4AaABAg,Amen,9FcaUhySrbA,TieÌˆsto Live at Coachella 2025 - Quasar Stage
Ugz11fbwWupCIBB7rxF4AaABAg,White,9FcaUhySrbA,TieÌˆsto Live at Coachella 2025 - Quasar Stage
Ugw1c-Ii4nzn92PpoyB4AaABAg,Bible wh,9FcaUhySrbA,TieÌˆsto Live at Coachella 2025 - Quasar Stage
UgxkEwdYaohvV9_3nrd4AaABAg,Bible wt,9FcaUhySrbA,TieÌˆsto Live at Coachella 2025 - Quasar Stage
UgztgQZoTzU9gInSaNd4AaABAg,Bible we,9FcaUhySrbA,TieÌˆsto Live at Coachella 2025 - Quasar Stage
UgykU8Yb2PGjT5ihmuF4AaABAg,Biblew,9FcaUhySrbA,TieÌˆsto Live at Coachella 2025 - Quasar Stage
Ugx7ODSdG4NbM3dFK-h4AaABAg,Bible w,9FcaUhySrbA,TieÌˆsto Live at Coachella 2025 - Quasar Stage
Ugxiz3phQhEkqoke22B4AaABAg,Bible bla,9FcaUhySrbA,TieÌˆsto Live at Coachella 2025 - Quasar Stage
UgwMDmExaQz7xiAJekp4AaABAg,Black pu,9FcaUhySrbA,TieÌˆsto Live at Coachella 2025 - Quasar Stage
UgwvPKF0KHPMzdywJlZ4AaABAg,Black p,9FcaUhySrbA,TieÌˆsto Live at Coachella 2025 - Quasar Stage
UgyOf5w45Z9X8Wj4n354AaABAg,Black r,9FcaUhySrbA,TieÌˆsto Live at Coachella 2025 - Quasar Stage
UgzkJWDKh0wBHVyeKOB4AaABAg,Black re,9FcaUhySrbA,TieÌˆsto Live at Coachella 2025 - Quasar Stage
UgyRgAUPJC43rJoZ5wN4AaABAg,Black we,9FcaUhySrbA,TieÌˆsto Live at Coachella 2025 - Quasar Stage
UgwDmCLVDwh-kI_i32d4AaABAg,Black wh,9FcaUhySrbA,TieÌˆsto Live at Coachella 2025 - Quasar Stage
UgwHsvloFIpT-Z6KZk14AaABAg,Black wt,9FcaUhySrbA,TieÌˆsto Live at Coachella 2025 - Quasar Stage
Ugw6gaZcpIePB6r9Kr14AaABAg,Black bla,9FcaUhySrbA,TieÌˆsto Live at Coachella 2025 - Quasar Stage
Ugx2otLcGi-LOChtvdF4AaABAg,Black blw,9FcaUhySrbA,TieÌˆsto Live at Coachella 2025 - Quasar Stage
UgyAJPHiDkC9dCn_UaV4AaABAg,Black bw,9FcaUhySrbA,TieÌˆsto Live at Coachella 2025 - Quasar Stage
UgzyYy8MC2FJyRNYCUt4AaABAg,the vampire crapsye,9FcaUhySrbA,TieÌˆsto Live at Coachella 2025 - Quasar Stage
Ugxjb1OJpe3dblLU0xR4AaABAg,the vampire craps wbl,9FcaUhySrbA,TieÌˆsto Live at Coachella 2025 - Quasar Stage
Ugye5meEZglO-Rnld0p4AaABAg,the vampire craps bj,9FcaUhySrbA,TieÌˆsto Live at Coachella 2025 - Quasar Stage
Ugz8dLTwd5e25psp4jN4AaABAg,the vampire craps ryb,9FcaUhySrbA,TieÌˆsto Live at Coachella 2025 - Quasar Stage
UgwowAk93sldKgrYtW54AaABAg,the vampire craps rbg,9FcaUhySrbA,TieÌˆsto Live at Coachella 2025 - Quasar Stage
UgxkyIu_OB_u3QoaGut4AaABAg,the vampire craps bl,9FcaUhySrbA,TieÌˆsto Live at Coachella 2025 - Quasar Stage
UgwA_z9OXQ5I9tD9OVB4AaABAg,the vampire craps rbw,9FcaUhySrbA,TieÌˆsto Live at Coachella 2025 - Quasar Stage
UgwjJDs35bES2haqiix4AaABAg,"no puedo entender la gente que veo que esta ahi y no baila.. no lo puedo entender.  Pero bue, Dios le da pan al que no tiene dientes dicen...jejeje vamoos que volvio el GOAT !!! se festeja !!!",9FcaUhySrbA,TieÌˆsto Live at Coachella 2025 - Quasar Stage
UgzAQZD2h4wNHLdLVdZ4AaABAg,Sun wh,9FcaUhySrbA,TieÌˆsto Live at Coachella 2025 - Quasar Stage
UgwdkJoLtr5cyslF5ZN4AaABAg,Sun pu,9FcaUhySrbA,TieÌˆsto Live at Coachella 2025 - Quasar Stage
UgyCJeaqM_8RcxRLa5J4AaABAg,Sun ye,9FcaUhySrbA,TieÌˆsto Live at Coachella 2025 - Quasar Stage
Ugz7QuxD6_VeMlFpZAt4AaABAg,Sun we,9FcaUhySrbA,TieÌˆsto Live at Coachella 2025 - Quasar Stage
UgwzV5iC9TM87w7CdSl4AaABAg,siiiiiiiiii,9FcaUhySrbA,TieÌˆsto Live at Coachella 2025 - Quasar Stage
UgwFaVyj_CbQ3_koZYF4AaABAg,Sun ble,9FcaUhySrbA,TieÌˆsto Live at Coachella 2025 - Quasar Stage
UgyjHijYXW_ONH42Tvx4AaABAg,Sun ab,9FcaUhySrbA,TieÌˆsto Live at Coachella 2025 - Quasar Stage
UgwURkcn2MMcqG1w7BZ4AaABAg,Aun ow,9FcaUhySrbA,TieÌˆsto Live at Coachella 2025 - Quasar Stage
UgyhVe1ICbjShoXBBgx4AaABAg,Sun wo,9FcaUhySrbA,TieÌˆsto Live at Coachella 2025 - Quasar Stage
UgwqGAK5C0-UuX4gkCR4AaABAg,Sun we,9FcaUhySrbA,TieÌˆsto Live at Coachella 2025 - Quasar Stage
Ugxt_7aLd9u6zV5iQC54AaABAg,Sun g,9FcaUhySrbA,TieÌˆsto Live at Coachella 2025 - Quasar Stage
Ugy2o-l43Mq-H0j4_iN4AaABAg,Sun ye,9FcaUhySrbA,TieÌˆsto Live at Coachella 2025 - Quasar Stage
Ugxus51KjBEXJVDLs-94AaABAg,Sun y,9FcaUhySrbA,TieÌˆsto Live at Coachella 2025 - Quasar Stage
UgybP_5EboKsf_tWKPl4AaABAg,Sun bl,9FcaUhySrbA,TieÌˆsto Live at Coachella 2025 - Quasar Stage
Ugyz3wAMagLV2OJGwUJ4AaABAg,Sun rb,9FcaUhySrbA,TieÌˆsto Live at Coachella 2025 - Quasar Stage
UgzT_IAJSfRUJjojDgR4AaABAg,Sun p,9FcaUhySrbA,TieÌˆsto Live at Coachella 2025 - Quasar Stage
Ugy_ixqNBCYAbJ6BRYh4AaABAg,Sun be,9FcaUhySrbA,TieÌˆsto Live at Coachella 2025 - Quasar Stage
UgxRq9AGbad6SZHmIoN4AaABAg,Sun b,9FcaUhySrbA,TieÌˆsto Live at Coachella 2025 - Quasar Stage
Ugx9FOEBkOnWdfrdCsx4AaABAg,Sun re,9FcaUhySrbA,TieÌˆsto Live at Coachella 2025 - Quasar Stage
UgxgS210hJcnZzc8lSh4AaABAg,Sun oy,9FcaUhySrbA,TieÌˆsto Live at Coachella 2025 - Quasar Stage
UgyFhWRoCBLIOMTLTaN4AaABAg,Sun bl,9FcaUhySrbA,TieÌˆsto Live at Coachella 2025 - Quasar Stage
UgzFhKI2vL1gx1n9tkZ4AaABAg,Sun pw,9FcaUhySrbA,TieÌˆsto Live at Coachella 2025 - Quasar Stage
UgzWgEmy8y70FuGenxd4AaABAg,Sun blw,9FcaUhySrbA,TieÌˆsto Live at Coachella 2025 - Quasar Stage
Ugy8-rhCXTSPceUjT4l4AaABAg,Sun br,9FcaUhySrbA,TieÌˆsto Live at Coachella 2025 - Quasar Stage
UgwcyQ2YtRF-OmiAHRF4AaABAg,Sun by,9FcaUhySrbA,TieÌˆsto Live at Coachella 2025 - Quasar Stage
UgyYL4kJRWskScvfw1h4AaABAg,Sun bo,9FcaUhySrbA,TieÌˆsto Live at Coachella 2025 - Quasar Stage
UgztXksvfV_OruOL_ih4AaABAg,Sun ab,9FcaUhySrbA,TieÌˆsto Live at Coachella 2025 - Quasar Stage
UgxnaARHlOlytriZLhh4AaABAg,Sun w,9FcaUhySrbA,TieÌˆsto Live at Coachella 2025 - Quasar Stage
Ugy85i9Rmk_q6AhBrzl4AaABAg,Sun bw,9FcaUhySrbA,TieÌˆsto Live at Coachella 2025 - Quasar Stage
Ugy3IRQpNOtGKxQGCPt4AaABAg,Sun re,9FcaUhySrbA,TieÌˆsto Live at Coachella 2025 - Quasar Stage
UgxVIJD7bgDBV7qBjsR4AaABAg,Sun bg,9FcaUhySrbA,TieÌˆsto Live at Coachella 2025 - Quasar Stage
Ugx80lXwB2q8WwaOuOJ4AaABAg,Crucifix w,9FcaUhySrbA,TieÌˆsto Live at Coachella 2025 - Quasar Stage
Ugycue0PtKFsF7GD0Wx4AaABAg,Sun bu,9FcaUhySrbA,TieÌˆsto Live at Coachella 2025 - Quasar Stage
UgzV-141brD5gLVQR254AaABAg,Sun blu,9FcaUhySrbA,TieÌˆsto Live at Coachella 2025 - Quasar Stage
Ugz7DoYL69PS4Ht3A_t4AaABAg,Sun bl,9FcaUhySrbA,TieÌˆsto Live at Coachella 2025 - Quasar Stage
UgyuoIjf6xwg1rJGLmt4AaABAg,Sun yo,9FcaUhySrbA,TieÌˆsto Live at Coachella 2025 - Quasar Stage
